CATCODE,STAID,UNIQID,STATE_CD,NAME,NOTES,Used in Calibration?,Do we have Data?
BS1_8730_8540,3208950,8730,51,"CRANES NEST RIVER NEAR CLINTWOOD, VA",,yes,yes
BS3_8350_8330,3207800,8350,51,"LEVISA FORK AT BIG ROCK, VA",,yes,yes
BS4_8440_0003,3208500,8440,51,"RUSSELL FORK AT HAYSI, VA",DB 8580 and 8590 drain to this gage,yes,yes
BS4_8540_8441,3209000,8540,51,"POUND RIVER BELOW FLANNAGAN DAM NEAR HAYSI, VA",,yes,yes
DE0_3791_0001,1483700,3791,10,"ST JONES RIVER AT DOVER, DE",,yes,yes
DE0_4231_0001,1484100,4231,10,"BEAVERDAM BRANCH AT HOUSTON, DE",,yes,yes
EL0_4562_0003,1487000,4562,10,"NANTICOKE RIVER NEAR BRIDGEVILLE, DE",DB 4560 and 4561 drain to this gage,yes,yes
EL1_5430_0001,1485500,5430,24,"NASSAWANGO CREEK NEAR SNOW HILL, MD",,yes,yes
EL2_4400_4590,1488500,4400,10,"MARSHYHOPE CREEK NEAR ADAMSVILLE, DE",,yes,yes
EL2_5110_5270,1485000,5110,24,"POCOMOKE RIVER NEAR WILLARDS, MD",,yes,yes
EM2_3980_0001,1491000,3980,24,"CHOPTANK RIVER NEAR GREENSBORO, MD",,yes,yes
EU0_3830_0001,1493000,3830,24,"UNICORN BRANCH NEAR MILLINGTON, MD",,yes,yes
EU1_2650_0001,1495000,2650,24,"BIG ELK CREEK AT ELK MILLS, MD",,yes,yes
GY0_3800_3801,3078000,3800,24,"CASSELMAN RIVER AT GRANTSVILLE, MD",,yes,yes
GY0_3950_3952,3076600,3950,24,"BEAR CREEK AT FRIENDSVILLE, MD",two gages very close,yes,yes
GY0_3951_3952,3076500,3951,24,"YOUGHIOGHENY RIVER AT FRIENDSVILLE, MD",two gages very close,yes,yes
GY0_4531_4532,3075500,4531,24,"YOUGHIOGHENY RIVER NEAR OAKLAND, MD",,yes,yes
JA1_7600_7570,2041000,7600,51,"DEEP CREEK NEAR MANNBORO, VA",,yes,yes
JA2_7550_7280,2039500,7550,51,"APPOMATTOX RIVER AT FARMVILLE, VA",,yes,yes
JA4_7280_7340,2040000,7280,51,"APPOMATTOX RIVER AT MATTOAX, VA",,yes,yes
JA5_7480_0001,2041650,7480,51,"APPOMATTOX RIVER AT MATOACA, VA",,yes,yes
JB3_6820_7053,2042500,6820,51,"CHICKAHOMINY RIVER NEAR PROVIDENCE FORGE, VA",,yes,yes
JL1_6560_6440,2031000,6560,51,"MECHUMS RIVER NEAR WHITE HALL, VA",,yes,yes
JL1_6760_6910,2030000,6760,51,"HARDWARE RIVER BL BRIERY RUN NR SCOTTSVILLE, VA",,yes,yes
JL1_6770_6850,2028500,6770,51,"ROCKFISH RIVER NEAR GREENFIELD, VA",,yes,yes
JL1_6940_7200,2027000,6940,51,"TYE RIVER NEAR LOVINGSTON, VA",,yes,yes
JL1_7080_7190,2027500,7080,51,"PINEY RIVER AT PINEY RIVER, VA",,yes,yes
JL2_6240_6520,2032680,6240,51,"N F RIVANNA RIVER NEAR PROFFIT, VA","gage inside poly, but near downstream end",yes,yes
JL2_6441_6520,2032515,6441,51,"S F RIVANNA RIVER NEAR CHARLOTTESVILLE, VA","gage inside poly, but near downstream end",yes,yes
JL2_7110_7120,2030500,7110,51,"SLATE RIVER NEAR ARVONIA, VA",,yes,yes
JL2_7240_7350,2027800,7240,51,"BUFFALO RIVER NEAR TYE RIVER, VA",,yes,yes
JL4_6520_6710,2034000,6520,51,"RIVANNA RIVER AT PALMYRA, VA",,yes,yes
JL6_6890_6990,2029000,6890,51,"JAMES RIVER AT SCOTTSVILLE, VA",,yes,yes
JL6_7160_7440,2025500,7160,51,"JAMES RIVER AT HOLCOMB ROCK, VA",,yes,yes
JL6_7430_7320,2026000,7430,51,"JAMES RIVER AT BENT CREEK, VA",,yes,yes
JL7_6800_7070,2037000,6800,51,"JAMES RIVER AND KANAWHA CANAL NEAR RICHMOND, VA",two gages represent segment 6800 at Richmond,yes,yes
JL7_6800_7070,2037500,6800,51,"JAMES RIVER NEAR RICHMOND, VA",two gages represent segment 6800 at Richmond,yes,yes
JL7_7100_7030,2035000,7100,51,"JAMES RIVER AT CARTERSVILLE, VA",,yes,yes
JU1_6290_6590,2011460,6290,51,"BACK CREEK NEAR SUNRISE, VA",,yes,yes
JU1_6300_6650,2015700,6300,51,"BULLPASTURE RIVER AT WILLIAMSVILLE, VA",,yes,yes
JU1_6590_6600,2011470,6590,51,"BACK CREEK AT SUNRISE, VA",,yes,yes
JU1_7630_7490,2017500,7630,51,"JOHNS CREEK AT NEW CASTLE, VA",,yes,yes
JU1_7750_7560,2018500,7750,51,"CATAWBA CREEK NEAR CATAWBA, VA",,yes,yes
JU2_6410_6640,2020500,6410,51,"CALFPASTURE RIVER ABOVE MILL CREEK AT GOSHEN, VA",,yes,yes
JU2_6600_6810,2011500,6600,51,"BACK CREEK NEAR MOUNTAIN GROVE, VA",,yes,yes
JU2_7140_7330,2013000,7140,51,"DUNLAP CREEK NEAR COVINGTON, VA","Gage inside poly, but near downstream end",yes,yes
JU2_7450_7360,2014000,7450,51,"POTTS CREEK NEAR COVINGTON, VA",,yes,yes
JU3_6380_6900,2011400,6380,51,"JACKSON RIVER NEAR BACOVA, VA",,yes,yes
JU3_6640_6790,2021500,6640,51,"MAURY RIVER AT ROCKBRIDGE BATHS, VA",,yes,yes
JU3_6650_7300,2016000,6650,51,"COWPASTURE RIVER NEAR CLIFTON FORGE, VA",,yes,yes
JU3_6900_6950,2011800,6900,51,"JACKSON RIVER BL GATHRIGHT DAM NR HOT SPGS, VA",,yes,yes
JU3_7490_7400,2018000,7490,51,"CRAIG CREEK AT PARR, VA",,yes,yes
JU4_7260_0003,2024000,7260,51,"MAURY RIVER NEAR BUENA VISTA, VA",DB 6790 6880 drain to this gage,yes,yes
JU4_7330_0003,2013100,7330,51,"JACKSON RIVER BL DUNLAP CREEK AT COVINGTON, VA",DB 7140 6950 drain to this gage,yes,yes
JU5_7300_0003,2016500,7300,51,"JAMES RIVER AT LICK RUN, VA",DB 7000 6650 drain to this gage,yes,yes
JU5_7500_7420,2019500,7500,51,"JAMES RIVER AT BUCHANAN, VA",,yes,yes
MN0_8300_0001,2043500,8300,51,"CYPRESS SWAMP AT CYPRESS CHAPEL, VA",,yes,yes
MN1_7990_8100,2051000,7990,51,"NORTH MEHERRIN RIVER NEAR LUNENBURG, VA",,yes,yes
MN2_7720_7830,2046000,7720,51,"STONY CREEK NEAR DINWIDDIE, VA",,yes,yes
MN2_8530_8510,2052500,8530,51,"FOUNTAINS CREEK NEAR BRINK, VA",,yes,yes
MN3_7540_7680,2047500,7540,51,"BLACKWATER RIVER NEAR DENDRON, VA",,yes,yes
MN3_7770_7930,2044500,7770,51,"NOTTOWAY RIVER NEAR RAWLINGS, VA",,yes,yes
MN3_7930_8010,2045500,7930,51,"NOTTOWAY RIVER NEAR STONY CREEK, VA",,yes,yes
MN3_8190_8260,2051500,8190,51,"MEHERRIN RIVER NEARLAWRENCEVILLE, VA",,yes,yes
MN4_8080_8110,2049500,8080,51,"BLACKWATER RIVER NEAR FRANKLIN, VA",,yes,yes
MN4_8260_8400,2052000,8260,51,"MEHERRIN RIVER AT EMPORIA, VA",,yes,yes
MN5_8161_0003,2047000,8161,51,"NOTTOWAY RIVER NEAR SEBRELL, VA",DB 7710 8230 drain to this gage,yes,yes
NR2_8210_8180,3175500,8210,51,"WOLF CREEK NEAR NARROWS, VA",,yes,yes
NR2_8600_8700,3167000,8600,51,"REED CREEK AT GRAHAMS FORGE, VA",,yes,yes
NR3_8290_8170,3173000,8290,51,"WALKER CREEK AT BANE, VA",,yes,yes
NR3_8420_8430,3170000,8420,51,"LITTLE RIVER AT GRAYSONTOWN, VA",,yes,yes
NR3_8690_8500,3167500,8690,51,"BIG REED ISLAND CREEK NEAR ALLISONIA, VA",,yes,yes
NR3_9310_9240,3161000,9310,37,"SOUTH FORK NEW RIVER NEAR JEFFERSON, NC",,yes,yes
NR5_8870_0003,3164000,8870,51,"NEW RIVER NEAR GALAX, VA",DB 8960 9050 drain to this gage,yes,yes
NR6_7820_0003,3171000,7820,51,"NEW RIVER AT RADFORD, VA",DB 8430 8500 drain to this gage,yes,yes
NR6_8051_8000,3176500,8051,51,"NEW RIVER AT GLEN LYN, VA",,yes,yes
NR6_8500_0003,3168000,8500,51,"NEW RIVER AT ALLISONIA, VA",Triple 8640 8740 8690 drain to this gage,yes,yes
OD1_8910_8930,2069700,8910,51,"SOUTH MAYO RIVER NEAR NETTLERIDGE, VA",,yes,yes
OD2_8560_8630,2072000,8560,51,"SMITH RIVER NEAR PHILPOTT, VA",,yes,yes
OD2_8670_8890,2074500,8670,51,"SANDY RIVER NEAR DANVILLE, VA",,yes,yes
OD2_8830_8710,2077500,8830,51,"HYCO RIVER NEAR DENNISTON, VA",,yes,yes
OD2_8840_9020,2068500,8840,37,"DAN RIVER NEAR FRANCISCO, NC",,yes,yes
OD2_8920_8830,2077303,8920,37,"HYCO R BL ABAY D NR MCGEHEES MILL, NC",,yes,yes
OD3_8340_8520,2077000,8340,51,"BANISTER RIVER AT HALIFAX, VA",,yes,yes
OD3_8630_8720,2072500,8630,51,"SMITH RIVER AT BASSETT, VA",Gage mid-polygon and just below another gage. drains 8560 and a little of 8630,yes,yes
OD3_8630_8720,2073000,8630,51,"SMITH RIVER AT MARTINSVILLE, VA",,yes,yes
OD3_8720_8900,2074000,8720,37,"SMITH RIVER AT EDEN, NC",,yes,yes
OD3_8850_8931,2070000,8850,51,"NORTH MAYO RIVER NEAR SPENCER, VA",,yes,yes
OD4_9140_8990,2071000,9140,37,"DAN RIVER NEAR WENTWORTH, NC",,yes,yes
OD5_8770_0003,2075000,8770,51,"DAN RIVER AT DANVILLE, VA",DB 8890 8900 drain to this gage,yes,yes
OD5_8780_8660,2075500,8780,51,"DAN RIVER AT PACES, VA",,yes,yes
OR1_7700_7980,2065500,7700,51,"CUB CREEK AT PHENIX, VA",,yes,yes
OR1_8280_8020,2053800,8280,51,"S F ROANOKE RIVER NEAR SHAWSVILLE, VA",,yes,yes
OR1_8320_8271,2056900,8320,51,"BLACKWATER RIVER NEAR ROCKY MOUNT, VA",,yes,yes
OR2_7610_7780,2061500,7610,51,"BIG OTTER RIVER NEAR EVINGTON, VA",,yes,yes
OR2_7650_8070,2059500,7650,51,"GOOSE CREEK NEAR HUDDLESTON, VA",,yes,yes
OR2_7670_7840,2064000,7670,51,"FALLING RIVER NEAR NARUNA, VA",,yes,yes
OR2_7900_7740,2055000,7900,51,"ROANOKE RIVER AT ROANOKE, VA",,yes,yes
OR2_8020_8130,2054500,8020,51,"ROANOKE RIVER AT LAFAYETTE, VA",,yes,yes
OR2_8130_7900,2054530,8130,51,"ROANOKE RIVER AT GLENVAR, VA",,yes,yes
OR2_8460_8271,2058400,8460,51,"PIGG RIVER NEAR SANDY LEVEL, VA",,yes,yes
OR3_7740_8271,2056000,7740,51,"ROANOKE RIVER AT NIAGARA, VA",,yes,yes
OR4_8120_7890,2060500,8120,51,"ROANOKE RIVER AT ALTAVISTA, VA","Gage mid-polygon drains the poly it is inside 8120, or 8070 and 8270",yes,yes
OR5_7890_7970,2062500,7890,51,"ROANOKE (STAUNTON) RIVER AT BROOKNEAL, VA",,yes,yes
OR5_8200_8370,2066000,8200,51,"ROANOKE (STAUNTON) RIVER AT RANDOLPH, VA",,yes,yes
PL0_4510_0001,1651000,4510,24,"NW BRANCH ANACOSTIA RIVER NEAR HYATTSVILLE, MD","Gage inside poly, but close to downstream end",yes,yes
PL0_5000_0001,1653000,5000,51,"CAMERON RUN AT ALEXANDRIA, VA",,yes,yes
PL0_5010_5130,1654000,5010,51,"ACCOTINK CREEK NEAR ANNANDALE, VA",,yes,yes
PL0_5070_0001,1653600,5070,24,"PISCATAWAY CREEK AT PISCATAWAY, MD",,yes,yes
PL0_5510_0001,GIC0004,5510,24,,,no,no
PL0_5530_5710,CLA0019,5530,24,,,no,no
PL0_5540_5490,1658500,5540,51,"S F QUANTICO CREEK NEAR INDEPENDENT HILL, VA",,yes,yes
PL0_5720_0001,NAJ0110,5720,24,,,no,no
PL0_5730_5690,1660400,5730,51,"AQUIA CREEK NEAR GARRISONVILLE, VA",,yes,yes
PL0_5750_0001,1661050,5750,24,"ST CLEMENT CREEK NEAR CLEMENTS, MD",,yes,yes
PL0_5830_0001,MCN0017,5830,24,,,no,no
PL1_4460_4780,1648000,4460,11,"ROCK CREEK AT SHERRILL DRIVE WASHINGTON, DC",,yes,yes
PL1_4540_0001,1649500,4540,24,"NORTH EAST BRANCH ANACOSTIA RIVER AT RIVERDALE, MD","Gage inside poly, but close to downstream end",yes,yes
PL1_5230_0001,1658000,5230,24,"MATTAWOMAN CREEK NEAR POMONKEY, MD",,no,yes
PL1_5370_5470,1656000,5370,51,"CEDAR RUN NEAR CATLETT, VA",,yes,yes
PL1_5910_0001,1661500,5910,24,"ST MARYS RIVER AT GREAT MILLS, MD",,yes,yes
PL2_5300_5630,1660920,5300,24,"ZEKIAH SWAMP RUN NEAR NEWTOWN, MD",,yes,yes
PM0_4640_4820,CBJ0001,4640,24,,,no,no
PM1_3120_3400,1639500,3120,24,"BIG PIPE CREEK AT BRUCEVILLE, MD","gage inside poly, but close to downstream end",yes,yes
PM1_3510_4000,1637500,3510,24,"CATOCTIN CREEK NEAR MIDDLETOWN, MD",,yes,yes
PM1_4250_4500,1645000,4250,24,"SENECA CREEK AT DAWSONVILLE, MD",,yes,yes
PM1_4430_4200,1638480,4430,51,"CATOCTIN CREEK AT TAYLORSTOWN, VA","gage inside poly, but close to end",yes,yes
PM2_2860_3040,1639000,2860,24,"MONOCACY RIVER AT BRIDGEPORT, MD",,yes,yes
PM2_4860_4670,1643700,4860,51,"GOOSE CREEK NEAR MIDDLEBURG, VA",,yes,yes
PM3_4670_4660,1644000,4670,51,"GOOSE CREEK NEAR LEESBURG, VA",,yes,yes
PM4_4040_0003,1643000,4040,24,"MONOCACY RIVER AT JUG BRIDGE NEAR FREDERICK, MD",DB 3340 3710 drain to this gage,yes,yes
PM7_4200_0003,1638500,4200,24,"POTOMAC RIVER AT POINT OF ROCKS, MD",DB 4430 4290 drain to this gage,yes,yes
PM7_4820_0001,1646500,4820,24,"POTOMAC RIVER NEAR WASH, DC LITTLE FALLS PUMP STA",,yes,yes
PM7_4820_0001,1646502,4820,24,"POTOMAC RIVER (ADJUSTED) NEAR WASH, DC",SAME LOCATION as 01646500,yes,yes
PM7_4820_0001,1646580,4820,24,,another gage is INSIDE 4820,yes,yes
PS0_6150_6160,1621410,6150,51,"BLACKS RUN AT RT 726 AT HARRISONBURG, VA",,no,yes
PS1_4790_4830,1634500,4790,51,"CEDAR CREEK NEAR WINCHESTER, VA",,yes,yes
PS2_5550_5560,1632000,5550,51,"N F SHENANDOAH RIVER AT COOTES STORE, VA",,yes,yes
PS2_5560_5100,1633000,5560,51,"N F SHENANDOAH RIVER AT MOUNT JACKSON, VA",,yes,yes
PS2_6490_6420,1627500,6490,51,"SOUTH RIVER AT HARRISTON, VA",,yes,yes
PS2_6660_6490,1626850,6660,51,"SOUTH RIVER NEAR DOOMS, VA",,yes,yes
PS2_6730_6660,1626000,6730,51,"SOUTH RIVER NEAR WAYNESBORO, VA",,yes,yes
PS3_5100_5080,1634000,5100,51,"N F SHENANDOAH RIVER NEAR STRASBURG, VA",,yes,yes
PS3_6161_6280,1622000,6161,51,"NORTH RIVER NEAR BURKETOWN, VA",,yes,yes
PS3_6460_6230,1625000,6460,51,"MIDDLE RIVER NEAR GROTTOES, VA",,yes,yes
PS4_5840_5240,1629500,5840,51,"S F SHENANDOAH RIVER NEAR LURAY, VA",,yes,yes
PS4_6360_5840,1628500,6360,51,"S F SHENANDOAH RIVER NEAR LYNNWOOD, VA",,yes,yes
PS5_4380_4370,1636500,4380,54,"SHENANDOAH RIVER AT MILLVILLE, WV",,yes,yes
PS5_5240_5200,1631000,5240,51,"S F SHENANDOAH RIVER AT FRONT ROYAL, VA",,yes,yes
PU0_3000_3090,ANT0366,3000,24,,,no,no
PU0_6080_5620,1605500,6080,54,"SOUTH BRANCH POTOMAC RIVER AT FRANKLIN, WV",,yes,yes
PU1_3030_3440,TOC0038,3030,24,,,no,no
PU1_3100_3690,1610155,3100,24,"SIDELING HILL CREEK NEAR BELLEGROVE, MD",,yes,yes
PU1_3170_3580,EVI0118,3170,24,,,no,no
PU1_3850_4190,1596500,3850,24,"SAVAGE RIVER NEAR BARTON, MD",,yes,yes
PU1_3940_3970,GEO0009,3940,24,,,no,no
PU1_4190_4300,1597500,4190,24,"SAVAGE RIV BL SAVAGE RIV DAM NEAR BLOOMINGTON, MD",,yes,yes
PU1_4840_4760,1595200,4840,54,"STONY RIVER NEAR MOUNT STORM,WV",,yes,yes
PU2_2840_3080,LIC0094,2840,24,,,no,no
PU2_3090_4050,1619500,3090,24,"ANTIETAM CREEK NEAR SHARPSBURG, MD",,yes,yes
PU2_3140_3680,WIL0067,3140,24,,,no,no
PU2_3180_3370,TOW0283,3180,24,,,no,no
PU2_4220_3900,1616500,4220,54,"OPEQUON CREEK NEAR MARTINSBURG, WV",,yes,yes
PU2_4360_4160,1604500,4360,54,"PATTERSON CREEK NEAR HEADSVILLE, WV",,yes,yes
PU2_4720_4750,1595000,4720,24,"NORTH BRANCH POTOMAC RIVER AT STEYER, MD",,yes,yes
PU2_4730_4220,1615000,4730,51,"OPEQUON CREEK NEAR BERRYVILLE, VA",,yes,yes
PU2_5190_4310,1608000,5190,54,"SO FK SOUTH BRANCH POTOMAC R NR MOOREFIELD, WV",,yes,yes
PU2_6050_5190,1607500,6050,54,"SO FK SO BR POTOMAC R AT BRANDYWINE, WV",,yes,yes
PU3_3290_3390,1614500,3290,24,"CONOCOCHEAGUE CREEK AT FAIRVIEW, MD",,yes,yes
PU3_3680_3890,1601500,3680,24,"WILLS CREEK NEAR CUMBERLAND, MD",Gage is mid-poly represents itself,yes,yes
PU3_3860_3610,1611500,3860,54,"CACAPON RIVER NEAR GREAT CACAPON, WV",,yes,yes
PU4_3890_3990,1603000,3890,24,"NORTH BRANCH POTOMAC RIVER NEAR CUMBERLAND, MD",,yes,yes
PU4_4310_4210,1608500,4310,54,"SOUTH BRANCH POTOMAC RIVER NEAR SPRINGFIELD, WV",,yes,yes
PU4_4440_0003,1598500,4440,54,"NORTH BRANCH POTOMAC RIVER AT LUKE, MD",DB 4450 4300 drain to this gage,yes,yes
PU4_5050_0003,1606500,5050,54,"SO. BRANCH POTOMAC RIVER NR PETERSBURG, WV",DB 5210 5380 drain to this gage,yes,yes
PU6_3610_3530,1613000,3610,24,"POTOMAC RIVER AT HANCOCK, MD",,yes,yes
PU6_3752_4080,1618000,3752,54,"POTOMAC RIVER AT SHEPHERDSTOWN, WV",,yes,yes
PU6_4020_3870,1610000,4020,24,"POTOMAC RIVER AT PAW PAW, WV",,yes,yes
RL0_6540_0001,1669000,6540,51,"PISCATAWAY CREEK NEAR TAPPAHANNOCK, VA",,yes,yes
RL1_6180_0001,1668500,6180,51,"CAT POINT CREEK NEAR MONTROSS, VA",,yes,yes
RU2_5940_6200,1666500,5940,51,"ROBINSON RIVER NEAR LOCUST DALE, VA",,yes,yes
RU2_6090_6220,1665500,6090,51,"RAPIDAN RIVER NEAR RUCKERSVILLE, VA",,yes,yes
RU3_5610_0003,1663500,5610,51,"HAZEL RIVER AT RIXEYVILLE, VA",DB 5810 5500 drain to this gage,yes,yes
RU3_6170_6040,1667500,6170,51,"RAPIDAN RIVER NEAR CULPEPER, VA",,yes,yes
RU4_5640_0003,1664000,5640,51,"RAPPAHANNOCK RIVER AT REMINGTON, VA",DB 5220 5610 drain to this gage,yes,yes
RU5_6030_0001,1668000,6030,51,"RAPPAHANNOCK RIVER NEAR FREDERICKSBURG, VA",,yes,yes
SJ2_2530_2820,1560000,2530,42,"DUNNING CREEK AT BELDEN, PA",,yes,yes
SJ2_2580_2500,1564500,2580,42,"AUGHWICK CREEK NEAR THREE SPRINGS, PA",,yes,yes
SJ3_2040_1980,1558000,2040,42,"LITTLE JUNIATA RIVER AT SPRUCE CREEK, PA",,yes,yes
SJ3_2250_2230,1556000,2250,42,"FRANKSTOWN BR JUNIATA RIVER AT WILLIAMSBURG, PA",,yes,yes
SJ4_2060_2010,1559000,2060,42,"JUNIATA RIVER AT HUNTINGDON, PA",,yes,yes
SJ4_2360_2340,1563200,2360,42,"RAYS BR JUNIATA R BLW RAYS DAM NR HUNTINGDON, PA.",,yes,yes
SJ4_2660_2360,1562000,2660,42,"RAYSTOWN BRANCH JUNIATA RIVER AT SAXTON, PA",,yes,yes
SJ5_2210_2320,1563500,2210,42,"JUNIATA RIVER AT MAPLETON DEPOT, PA",,yes,yes
SJ6_2130_0003,1567000,2130,42,"JUNIATA RIVER AT NEWPORT, PA",DB 2150 1970 drain to this gage,yes,yes
SL0_2180_2220,1573160,2180,42,"QUITTAPAHILLA CREEK NEAR BELLEGROVE, PA",,yes,yes
SL1_1730_1700,1554500,1730,42,"SHAMOKIN CREEK NEAR SHAMOKIN, PA",,yes,yes
SL1_2390_2420,1576540,2390,42,"MILL CREEK AT ESHELMAN MILL ROAD NEAR LYNDON, PA",,yes,yes
SL1_2770_2730,1575000,2770,42,"SOUTH BRANCH CODORUS CREEK NEAR YORK, PA",,yes,yes
SL1_2830_2760,1574500,2830,42,"CODORUS CREEK AT SPRING GROVE, PA",,yes,yes
SL2_1810_2030,1555500,1810,42,"EAST MAHANTANGO CREEK NEAR DALMATIA, PA",,yes,yes
SL2_1850_1990,1572025,1850,42,"SWATARA CREEK NEAR PINE GROVE, PA",,yes,yes
SL2_1990_2070,1572190,1990,42,"SWATARA CREEK NEAR INWOOD, PA",,yes,yes
SL2_2910_3060,1580000,2910,24,"DEER CREEK AT ROCKS, MD",,yes,yes
SL3_1710_1740,1555000,1710,42,"PENNS CREEK AT PENNS CREEK, PA",,yes,yes
SL3_2290_2260,1568000,2290,42,"SHERMAN CREEK AT SHERMANS DALE, PA",,yes,yes
SL3_2350_2470,1576500,2350,42,"CONESTOGA RIVER AT LANCASTER, PA",,yes,yes
SL3_2400_2440,1571500,2400,42,"YELLOW BREECHES CREEK NEAR CAMP HILL, PA",,yes,yes
SL3_2420_2700,1576754,2420,42,"CONESTOGA RIVER AT CONESTOGA, PA","Gage is mid-poly, but represents itself",yes,yes
SL3_2460_2430,1574000,2460,42,"WEST CONEWAGO CREEK NEAR MANCHESTER, PA",,yes,yes
SL3_2730_2550,1575500,2730,42,"CODORUS CREEK NEAR YORK, PA",,yes,yes
SL4_2090_2100,1573000,2090,42,"SWATARA CREEK AT HARPER TAVERN, PA",,yes,yes
SL4_2140_2240,1573560,2140,42,"SWATARA CREEK NEAR HERSHEY, PA",,yes,yes
SL4_2370_2330,1570000,2370,42,"CONODOGUINET CREEK NEAR HOGESTOWN, PA",,yes,yes
SL8_1760_1780,1554000,1760,42,"SUSQUEHANNA RIVER AT SUNBURY, PA",gage mid-poly  1530 1680 would drain to it,yes,yes
SL9_2270_0003,1570500,2270,42,"SUSQUEHANNA RIVER AT HARRISBURG, PA",DB 2050 2330 drain to this gage,yes,yes
SL9_2490_2520,1576000,2490,42,"SUSQUEHANNA RIVER AT MARIETTA, PA",,yes,yes
SL9_2720_0001,1578310,2720,24,"SUSQUEHANNA RIVER AT CONOWINGO, MD",,yes,yes
SU1_0080_0210,1502000,80,36,BUTTERNUT CREEK AT MORRIS NY,,yes,yes
SU1_0820_0740,1518862,820,42,"COWANESQUE RIVER AT WESTFIELD, PA",,yes,yes
SU2_0020_0140,1496500,20,36,OAKS CREEK AT INDEX NY,,no,no
SU2_0110_0240,1510000,110,36,OTSELIC RIVER AT CINCINNATUS NY,,yes,yes
SU2_0291_0320,1500000,291,36,OULEOUT CREEK AT EAST SIDNEY NY,,yes,yes
SU2_0510_0570,1524500,510,36,CANISTEO R BELOW CANACADEA CR @ HORNELL NY,,yes,yes
SU2_0670_0810,1534300,670,42,"LACKAWANNA RIVER NEAR FOREST CITY, PA.",,yes,yes
SU2_0741_0690,1520000,741,42,"COWANESQUE RIVER NR LAWRENCEVILLE, PA",,yes,yes
SU2_0900_0870,1532000,900,42,"TOWANDA CREEK NEAR MONROETON, PA",,yes,yes
SU2_0920_0830,1516350,920,42,"TIOGA RIVER NEAR MANSFIELD, PA",,yes,yes
SU3_0090_0170,1505000,90,36,CHENANGO RIVER AT SHERBURNE NY,,yes,yes
SU3_0370_0490,1529500,370,36,COHOCTON RIVER NEAR CAMPBELL NY,,yes,yes
SU3_0710_0910,1534000,710,42,"TUNKHANNOCK CREEK NEAR TUNKHANNOCK, PA",,yes,yes
SU3_0790_0770,1518700,790,42,"TIOGA RIVER AT TIOGA JUNCTION, PA",,yes,yes
SU3_0810_0970,1534500,810,42,"LACKAWANNA RIVER AT ARCHBALD, PA.",,yes,yes
SU3_0831_0790,1518000,831,42,"TIOGA RIVER AT TIOGA, PA",,yes,yes
SU3_0970_1120,1536000,970,42,"LACKAWANNA RIVER AT OLD FORGE, PA.",,yes,yes
SU3_1310_1280,1539000,1310,42,"FISHING CREEK NEAR BLOOMSBURG, PA.",,yes,yes
SU4_0260_0003,1509000,260,36,TIOUGHNIOGA RIVER AT CORTLAND NY,DB 120 160 drain to this gage,yes,yes
SU4_0300_0310,1502500,300,36,UNADILLA RIVER AT ROCKDALE NY,"DB 190 210 drain to this gage Area is very close, so kept at 300",yes,yes
SU4_0690_0650,1520500,690,36,TIOGA RIVER AT LINDLEY NY,,yes,yes
SU5_0340_0310,1500500,340,36,SUSQUEHANNA RIVER AT UNADILLA NY,"DB 250 320 drain to this gage Area is very close, so kept at 340",yes,yes
SU5_0420_0003,1512500,420,36,CHENANGO RIVER NEAR CHENANGO FORKS NY,DB 430 350 drain to this gage,yes,yes
SU5_0530_0003,1529950,530,36,CHEMUNG RIVER AT CORNING NY,DB 490 650 drain to this gage,yes,yes
SU5_0610_0600,1531000,610,36,CHEMUNG RIVER AT CHEMUNG NY,,yes,yes
SU5_0650_0003,1526500,650,36,TIOGA RIVER NEAR ERWINS NY,DB 630 690 drain to this gage,yes,yes
SU6_0480_0520,1503000,480,36,SUSQUEHANNA RIVER AT CONKLIN NY,,yes,yes
SU7_0720_0003,1515000,720,42,SUSQUEHANNA RIVER NEAR WAVERLY NY,DB 450 540 drain to this gage,yes,yes
SU7_0850_0730,1531500,850,42,"SUSQUEHANNA RIVER AT TOWANDA, PA","Gage is mid-polygon, would be double  750 800",yes,yes
SU7_0960_0003,1533400,960,42,"SUSQUEHANNA RIVER AT MESHOPPEN, PA",DB 760 860 drain to this gage,yes,yes
SU7_1120_1140,1536500,1120,42,"SUSQUEHANNA RIVER AT WILKES-BARRE, PA",,yes,yes
SU8_1610_1530,1540500,1610,42,"SUSQUEHANNA RIVER AT DANVILLE, PA",,yes,yes
SW0_1520_1600,1547950,1520,42,"BEECH CREEK AT MONUMENT, PA",,yes,yes
SW1_1180_1190,1552500,1180,42,"MUNCY CREEK NEAR SONESTOWN, PA",,yes,yes
SW1_1450_1510,1553700,1450,42,"CHILLISQUAQUE CREEK AT WASHINGTONVILLE, PA",,yes,yes
SW1_1830_1690,1547100,1830,42,"SPRING CREEK AT MILESBURG, PA",,yes,yes
SW1_1890_1830,1546500,1890,42,"SPRING CREEK NEAR AXEMANN, PA.",,yes,yes
SW1_1910_1890,1546400,1910,42,"SPRING CREEK AT HOUSERVILLE, PA",,yes,yes
SW2_1100_1130,1544500,1100,42,"KETTLE CREEK AT CROSS FORK, PA",,yes,yes
SW3_1040_1220,1550000,1040,42,"LYCOMING CREEK NEAR TROUT RUN, PA",,yes,yes
SW3_1091_1380,1544000,1091,42,"F FORK SINNEMAHONING CR NR SINNEMAHONING, PA",,yes,yes
SW3_1130_1390,1545000,1130,42,"KETTLE CREEK NEAR WESTPORT, PA",,yes,yes
SW3_1270_1370,1543000,1270,42,"DRIFTWOOD BR SINNEMAHONING CR AT STERLING RUN, PA",,yes,yes
SW3_1580_0003,1548005,1580,42,"BALD EAGLE CREEK NEAR BEECH CREEK STATION, PA",DB 1600  1660 drain to this gage,yes,yes
SW3_1690_0003,1547200,1690,42,"BALD EAGLE CREEK BL SPRING CREEK AT MILESBURG, PA",DB 1770 1830 drain to this gage,yes,yes
SW3_1690_1660,1547500,1690,42,"BALD EAGLE CREEK AT BLANCHARD, PA",,yes,yes
SW3_1870_1800,1541500,1870,42,"CLEARFIELD CREEK AT DIMELING, PA",,yes,yes
SW3_1920_1750,1542000,1920,42,"MOSHANNON CREEK AT OSCEOLA MILLS, PA.",,yes,yes
SW4_1110_1150,1548500,1110,42,"PINE CREEK AT CEDAR RUN, PA",,yes,yes
SW4_1260_0003,1552000,1260,42,"LOYALSOCK CREEK AT LOYALSOCKVILLE, PA",DB 1160 1060 drain to this gage,yes,yes
SW4_1430_1490,1543500,1430,42,"SINNEMAHONING CREEK AT SINNEMAHONING, PA","Gage is mid-poly can rep itself, or DB 1360 1370",yes,yes
SW4_1720_1650,1541303,1720,42,"WEST BRANCH SUSQUEHANNA RIVER AT HYDE, PA",Gage is mid-polygon but probably can represent itself,yes,yes
SW4_1860_1720,1541200,1860,42,"WB SUSQUEHANNA RIVER NEAR CURWENSVILLE, PA",,yes,yes
SW4_1940_1860,1541000,1940,42,"WEST BRANCH SUSQUEHANNA RIVER AT BOWER, PA",,yes,yes
SW5_1350_0003,1549700,1350,42,"PINE CREEK BL L PINE CREEK NEAR WATERVILLE, PA",DB  1080 1150 drain to this gage gage is 1/3 way in watershed,yes,yes
SW5_1540_0003,1542500,1540,42,"WB SUSQUEHANNA RIVER AT KARTHAUS, PA",DB 1650 1750 drain to this gage,yes,yes
SW6_1330_1230,1545500,1330,42,"WEST BRANCH SUSQUEHANNA RIVER AT RENOVO, PA",,yes,yes
SW7_1320_0003,1551500,1320,42,"WB SUSQUEHANNA RIVER AT WILLIAMSPORT, PA","DB 1340 1220 gage is mid-poly, could just drain itself  1320",yes,yes
SW7_1640_0003,1553500,1760,42,"WEST BRANCH SUSQUEHANNA RIVER AT LEWISBURG, PA",DB 1570 1460 drain to this gage,yes,yes
TU2_8790_9070,3475000,8790,51,"M F HOLSTON RIVER NEAR MEADOWVIEW, VA",,yes,yes
TU2_8950_9040,3471500,8950,51,"S F HOLSTON RIVER AT RIVERSIDE NR CHILHOWIE, VA",,yes,yes
TU3_8650_8800,3488000,8650,51,"N F HOLSTON RIVER NEAR SALTVILLE, VA",,yes,yes
TU3_9180_0003,3473000,9180,51,"S F HOLSTON RIVER NEAR DAMASCUS, VA",DB 9200 9040 drain to this gage,yes,yes
TU3_9230_9260,3531500,9230,51,"POWELL RIVER NEAR JONESVILLE, VA",,yes,yes
TU4_8680_8810,3524000,8680,51,"CLINCH RIVER AT CLEVELAND, VA",,yes,yes
TU5_9280_0003,3527000,9280,51,"CLINCH RIVER AT SPEERS FERRY, VA",DB 9000 8970 drain to this gage,no,yes
WM1_3660_3910,1589300,3660,24,"GWYNNS FALLS AT VILLA NOVA, MD",,yes,yes
WM3_3880_4060,1589000,3880,24,"PATAPSCO RIVER AT HOLLOFIELD, MD",,yes,yes
WU1_3240_3330,1581700,3240,24,"WINTERS RUN NEAR BENSON, MD",,yes,yes
WU1_3350_3490,1583500,3350,24,"WESTERN RUN AT WESTERN RUN, MD",,yes,yes
WU2_3020_3320,1582500,3020,24,"GUNPOWDER FALLS AT GLENCOE, MD",,yes,yes
XL0_5320_0001,1594670,5320,24,"HUNTING CREEK NEAR HUNTINGTOWN, MD",,yes,yes
XL1_4690_0001,1594526,4690,24,WESTERN BRANCH AT UPPER MARLBORO MD,"gage inside poly, near downstream end",yes,yes
XU0_4130_4070,1591000,4130,24,"PATUXENT RIVER NEAR UNITY, MD",,yes,yes
XU2_4070_4330,1591610,4070,24,"PATUXENT RIVER BELOW BRIGHTON DAM NEAR BRIGHTON,MD",,yes,yes
XU2_4270_0003,1594000,4090,24,"LITTLE PATUXENT RIVER AT SAVAGE, MD",DB 4090 4091 drain to this gage,yes,yes
XU2_4330_4480,1592500,4330,24,"PATUXENT R NR LAUREL, MD",,yes,yes
XU3_4650_0001,1594440,4650,24,"PATUXENT RIVER NEAR BOWIE, MD",,yes,yes
YM2_6120_6430,1674000,6120,51,"MATTAPONI RIVER NEAR BOWLING GREEN, VA",,yes,yes
YM4_6620_0003,1674500,6620,51,"MATTAPONI RIVER NEAR BEULAHVILLE, VA",DB 6430 6370 drain to this gage,yes,yes
YP0_6860_6840,1673550,6860,51,"TOTOPOTOMOY CREEK NEAR STUDLEY, VA",,yes,yes
YP1_6570_6680,1671100,6570,51,"LITTLE RIVER NEAR DOSWELL, VA",,yes,yes
YP2_6390_6330,1670400,6390,51,"NORTH ANNA RIVER NEAR PARTLOW, VA",,yes,yes
YP3_6330_6700,1671020,6330,51,"NORTH ANNA RIVER AT HART CORNER NEAR DOSWELL, VA",,yes,yes
YP3_6470_6690,1672500,6470,51,"SOUTH ANNA RIVER NEAR ASHLAND, VA",,yes,yes
YP4_6720_6750,1673000,6720,51,"PAMUNKEY RIVER NEAR HANOVER, VA",,yes,yes
