TABLE->,PWAT-PARM1,PWAT-PARM1,PWAT-PARM1,PWAT-PARM1,PWAT-PARM1,PWAT-PARM1,PWAT-PARM1,PWAT-PARM1,PWAT-PARM1,PWAT-PARM2,PWAT-PARM2,PWAT-PARM2,PWAT-PARM2,PWAT-PARM2,PWAT-PARM2,PWAT-PARM2,PWAT-PARM3,PWAT-PARM3,PWAT-PARM3,PWAT-PARM3,PWAT-PARM3,PWAT-PARM3,PWAT-PARM3,PWAT-PARM4,PWAT-PARM4,PWAT-PARM4,PWAT-PARM4,PWAT-PARM4,PWAT-PARM4,MON-INTERCEP,MON-INTERCEP,MON-INTERCEP,MON-INTERCEP,MON-INTERCEP,MON-INTERCEP,MON-INTERCEP,MON-INTERCEP,MON-INTERCEP,MON-INTERCEP,MON-INTERCEP,MON-INTERCEP,MON-UZSN,MON-UZSN,MON-UZSN,MON-UZSN,MON-UZSN,MON-UZSN,MON-UZSN,MON-UZSN,MON-UZSN,MON-UZSN,MON-UZSN,MON-UZSN,MON-MANNING,MON-MANNING,MON-MANNING,MON-MANNING,MON-MANNING,MON-MANNING,MON-MANNING,MON-MANNING,MON-MANNING,MON-MANNING,MON-MANNING,MON-MANNING,MON-LZETPARM,MON-LZETPARM,MON-LZETPARM,MON-LZETPARM,MON-LZETPARM,MON-LZETPARM,MON-LZETPARM,MON-LZETPARM,MON-LZETPARM,MON-LZETPARM,MON-LZETPARM,MON-LZETPARM,PWAT-STATE1,PWAT-STATE1,PWAT-STATE1,PWAT-STATE1,PWAT-STATE1,PWAT-STATE1,PWAT-STATE1
VARS->,CSNO,RTOP,UZFG,VCS,VUZ,VNN,VIFW,VIRC,VLE,FOREST,LZSN,INFILT,LSUR,SLSUR,KVARY,AGWR,PETMAX,PETMIN,INFEXP,INFILD,DEEPFR,BASETPR,AGWETP,CEPSC,UZSN,NSUR,INTFW,IRC,LZETP,JAN,FEB,MAR,APR,MAY,JUN,JUL,AUG,SEP,OCT,NOV,DEC,JAN,FEB,MAR,APR,MAY,JUN,JUL,AUG,SEP,OCT,NOV,DEC,JAN,FEB,MAR,APR,MAY,JUN,JUL,AUG,SEP,OCT,NOV,DEC,JAN,FEB,MAR,APR,MAY,JUN,JUL,AUG,SEP,OCT,NOV,DEC,CEPS,SURS,UZS,IFWS,LZS,AGWS,GWVS
A10001,1,1,0,0,0,0,0,0,0,0,12.00000,0.040993,542,0.007,0.,0.925911,40,35,2,2,0,0,0.000100,0.05,0.840000,0.15,2.110834,0.313344,0.1,NA,NA,NA,NA,NA,NA,NA,NA,NA,NA,NA,NA,NA,NA,NA,NA,NA,NA,NA,NA,NA,NA,NA,NA,NA,NA,NA,NA,NA,NA,NA,NA,NA,NA,NA,NA,NA,NA,NA,NA,NA,NA,NA,NA,NA,NA,NA,NA,NA,NA,0.35,NA,5,1,0
A10003,1,1,0,0,0,0,0,0,0,0,12.00000,0.040993,372,0.032,0.,0.925911,40,35,2,2,0,0,0.000100,0.05,0.840000,0.15,2.110834,0.313344,0.1,NA,NA,NA,NA,NA,NA,NA,NA,NA,NA,NA,NA,NA,NA,NA,NA,NA,NA,NA,NA,NA,NA,NA,NA,NA,NA,NA,NA,NA,NA,NA,NA,NA,NA,NA,NA,NA,NA,NA,NA,NA,NA,NA,NA,NA,NA,NA,NA,NA,NA,0.35,NA,5,1,0
A10005,1,1,0,0,0,0,0,0,0,0,8.019775,0.091084,583,0.005,0.,0.969468,40,35,2,2,0,0,0.002467,0.05,0.561384,0.15,1.318482,0.560250,0.1,NA,NA,NA,NA,NA,NA,NA,NA,NA,NA,NA,NA,NA,NA,NA,NA,NA,NA,NA,NA,NA,NA,NA,NA,NA,NA,NA,NA,NA,NA,NA,NA,NA,NA,NA,NA,NA,NA,NA,NA,NA,NA,NA,NA,NA,NA,NA,NA,NA,NA,0.35,NA,5,1,0
A11001,1,1,0,0,0,0,0,0,0,0,12.00000,0.023470,336,0.044,0.,0.963073,40,35,2,2,0,0,0.000100,0.05,0.840000,0.15,2.725749,0.300000,0.1,NA,NA,NA,NA,NA,NA,NA,NA,NA,NA,NA,NA,NA,NA,NA,NA,NA,NA,NA,NA,NA,NA,NA,NA,NA,NA,NA,NA,NA,NA,NA,NA,NA,NA,NA,NA,NA,NA,NA,NA,NA,NA,NA,NA,NA,NA,NA,NA,NA,NA,0.35,NA,5,1,0
A24001,1,1,0,0,0,0,0,0,0,0,12.00000,0.014286,250,0.096,0.,0.920000,40,35,2,2,0,0,0.000833,0.05,0.840000,0.15,2.000000,0.438164,0.1,NA,NA,NA,NA,NA,NA,NA,NA,NA,NA,NA,NA,NA,NA,NA,NA,NA,NA,NA,NA,NA,NA,NA,NA,NA,NA,NA,NA,NA,NA,NA,NA,NA,NA,NA,NA,NA,NA,NA,NA,NA,NA,NA,NA,NA,NA,NA,NA,NA,NA,0.35,NA,5,1,0
A24003,1,1,0,0,0,0,0,0,0,0,12.00000,0.032889,321,0.050,0.,0.980493,40,35,2,2,0,0,0.000100,0.05,0.840000,0.15,2.145451,0.437647,0.1,NA,NA,NA,NA,NA,NA,NA,NA,NA,NA,NA,NA,NA,NA,NA,NA,NA,NA,NA,NA,NA,NA,NA,NA,NA,NA,NA,NA,NA,NA,NA,NA,NA,NA,NA,NA,NA,NA,NA,NA,NA,NA,NA,NA,NA,NA,NA,NA,NA,NA,0.35,NA,5,1,0
A24005,1,1,0,0,0,0,0,0,0,0,12.00000,0.048216,283,0.071,0.,0.956668,40,35,2,2,0,0,0.000100,0.05,0.840000,0.15,2.197956,0.300000,0.1,NA,NA,NA,NA,NA,NA,NA,NA,NA,NA,NA,NA,NA,NA,NA,NA,NA,NA,NA,NA,NA,NA,NA,NA,NA,NA,NA,NA,NA,NA,NA,NA,NA,NA,NA,NA,NA,NA,NA,NA,NA,NA,NA,NA,NA,NA,NA,NA,NA,NA,0.35,NA,5,1,0
A24009,1,1,0,0,0,0,0,0,0,0,12.00000,0.046065,319,0.051,0.,0.920000,40,35,2,2,0,0,0.000100,0.05,0.840000,0.15,3.077707,0.332385,0.1,NA,NA,NA,NA,NA,NA,NA,NA,NA,NA,NA,NA,NA,NA,NA,NA,NA,NA,NA,NA,NA,NA,NA,NA,NA,NA,NA,NA,NA,NA,NA,NA,NA,NA,NA,NA,NA,NA,NA,NA,NA,NA,NA,NA,NA,NA,NA,NA,NA,NA,0.35,NA,5,1,0
A24011,1,1,0,0,0,0,0,0,0,0,9.767185,0.044227,558,0.006,0.,0.946019,40,35,2,2,0,0,0.002322,0.05,0.683703,0.15,2.000000,0.321404,0.1,NA,NA,NA,NA,NA,NA,NA,NA,NA,NA,NA,NA,NA,NA,NA,NA,NA,NA,NA,NA,NA,NA,NA,NA,NA,NA,NA,NA,NA,NA,NA,NA,NA,NA,NA,NA,NA,NA,NA,NA,NA,NA,NA,NA,NA,NA,NA,NA,NA,NA,0.35,NA,5,1,0
A24013,1,1,0,0,0,0,0,0,0,0,12.00000,0.028101,283,0.071,0.,0.944966,40,35,2,2,0,0,0.000100,0.05,0.840000,0.15,2.272629,0.300000,0.1,NA,NA,NA,NA,NA,NA,NA,NA,NA,NA,NA,NA,NA,NA,NA,NA,NA,NA,NA,NA,NA,NA,NA,NA,NA,NA,NA,NA,NA,NA,NA,NA,NA,NA,NA,NA,NA,NA,NA,NA,NA,NA,NA,NA,NA,NA,NA,NA,NA,NA,0.35,NA,5,1,0
A24015,1,1,0,0,0,0,0,0,0,0,12.00000,0.033920,341,0.042,0.,0.958721,40,35,2,2,0,0,0.000100,0.05,0.840000,0.15,2.000000,0.300000,0.1,NA,NA,NA,NA,NA,NA,NA,NA,NA,NA,NA,NA,NA,NA,NA,NA,NA,NA,NA,NA,NA,NA,NA,NA,NA,NA,NA,NA,NA,NA,NA,NA,NA,NA,NA,NA,NA,NA,NA,NA,NA,NA,NA,NA,NA,NA,NA,NA,NA,NA,0.35,NA,5,1,0
A24017,1,1,0,0,0,0,0,0,0,0,8.000000,0.022331,371,0.032,0.,0.920000,40,35,2,2,0,0,0.004948,0.05,0.560000,0.15,3.496762,0.312914,0.1,NA,NA,NA,NA,NA,NA,NA,NA,NA,NA,NA,NA,NA,NA,NA,NA,NA,NA,NA,NA,NA,NA,NA,NA,NA,NA,NA,NA,NA,NA,NA,NA,NA,NA,NA,NA,NA,NA,NA,NA,NA,NA,NA,NA,NA,NA,NA,NA,NA,NA,0.35,NA,5,1,0
A24019,1,1,0,0,0,0,0,0,0,0,8.000000,0.031187,559,0.006,0.,0.941183,40,35,2,2,0,0,0.004631,0.05,0.560000,0.15,2.000000,0.468756,0.1,NA,NA,NA,NA,NA,NA,NA,NA,NA,NA,NA,NA,NA,NA,NA,NA,NA,NA,NA,NA,NA,NA,NA,NA,NA,NA,NA,NA,NA,NA,NA,NA,NA,NA,NA,NA,NA,NA,NA,NA,NA,NA,NA,NA,NA,NA,NA,NA,NA,NA,0.35,NA,5,1,0
A24021,1,1,0,0,0,0,0,0,0,0,12.00000,0.027252,306,0.058,0.,0.950195,40,35,2,2,0,0,0.000100,0.05,0.840000,0.15,2.000000,0.300000,0.1,NA,NA,NA,NA,NA,NA,NA,NA,NA,NA,NA,NA,NA,NA,NA,NA,NA,NA,NA,NA,NA,NA,NA,NA,NA,NA,NA,NA,NA,NA,NA,NA,NA,NA,NA,NA,NA,NA,NA,NA,NA,NA,NA,NA,NA,NA,NA,NA,NA,NA,0.35,NA,5,1,0
A24023,1,1,0,0,0,0,0,0,0,0,8.000000,0.040135,250,0.096,0.,0.943111,40,35,2,2,0,0,0.005000,0.05,0.560000,0.15,2.417807,0.478174,0.1,NA,NA,NA,NA,NA,NA,NA,NA,NA,NA,NA,NA,NA,NA,NA,NA,NA,NA,NA,NA,NA,NA,NA,NA,NA,NA,NA,NA,NA,NA,NA,NA,NA,NA,NA,NA,NA,NA,NA,NA,NA,NA,NA,NA,NA,NA,NA,NA,NA,NA,0.35,NA,5,1,0
A24025,1,1,0,0,0,0,0,0,0,0,12.00000,0.057643,287,0.068,0.,0.960349,40,35,2,2,0,0,0.000100,0.05,0.840000,0.15,2.347544,0.300948,0.1,NA,NA,NA,NA,NA,NA,NA,NA,NA,NA,NA,NA,NA,NA,NA,NA,NA,NA,NA,NA,NA,NA,NA,NA,NA,NA,NA,NA,NA,NA,NA,NA,NA,NA,NA,NA,NA,NA,NA,NA,NA,NA,NA,NA,NA,NA,NA,NA,NA,NA,0.35,NA,5,1,0
A24027,1,1,0,0,0,0,0,0,0,0,12.00000,0.033747,291,0.066,0.,0.959213,40,35,2,2,0,0,0.000100,0.05,0.840000,0.15,2.037923,0.300000,0.1,NA,NA,NA,NA,NA,NA,NA,NA,NA,NA,NA,NA,NA,NA,NA,NA,NA,NA,NA,NA,NA,NA,NA,NA,NA,NA,NA,NA,NA,NA,NA,NA,NA,NA,NA,NA,NA,NA,NA,NA,NA,NA,NA,NA,NA,NA,NA,NA,NA,NA,0.35,NA,5,1,0
A24029,1,1,0,0,0,0,0,0,0,0,12.00000,0.048939,462,0.014,0.,0.920000,40,35,2,2,0,0,0.000100,0.05,0.840000,0.15,2.000000,0.336429,0.1,NA,NA,NA,NA,NA,NA,NA,NA,NA,NA,NA,NA,NA,NA,NA,NA,NA,NA,NA,NA,NA,NA,NA,NA,NA,NA,NA,NA,NA,NA,NA,NA,NA,NA,NA,NA,NA,NA,NA,NA,NA,NA,NA,NA,NA,NA,NA,NA,NA,NA,0.35,NA,5,1,0
A24031,1,1,0,0,0,0,0,0,0,0,12.00000,0.031125,302,0.059,0.,0.939492,40,35,2,2,0,0,0.000100,0.05,0.840000,0.15,2.008452,0.424086,0.1,NA,NA,NA,NA,NA,NA,NA,NA,NA,NA,NA,NA,NA,NA,NA,NA,NA,NA,NA,NA,NA,NA,NA,NA,NA,NA,NA,NA,NA,NA,NA,NA,NA,NA,NA,NA,NA,NA,NA,NA,NA,NA,NA,NA,NA,NA,NA,NA,NA,NA,0.35,NA,5,1,0
A24033,1,1,0,0,0,0,0,0,0,0,12.00000,0.024731,327,0.048,0.,0.921402,40,35,2,2,0,0,0.000100,0.05,0.840000,0.15,2.000000,0.300000,0.1,NA,NA,NA,NA,NA,NA,NA,NA,NA,NA,NA,NA,NA,NA,NA,NA,NA,NA,NA,NA,NA,NA,NA,NA,NA,NA,NA,NA,NA,NA,NA,NA,NA,NA,NA,NA,NA,NA,NA,NA,NA,NA,NA,NA,NA,NA,NA,NA,NA,NA,0.35,NA,5,1,0
A24035,1,1,0,0,0,0,0,0,0,0,12.00000,0.048939,518,0.008,0.,0.920000,40,35,2,2,0,0,0.000100,0.05,0.840000,0.15,2.000000,0.336429,0.1,NA,NA,NA,NA,NA,NA,NA,NA,NA,NA,NA,NA,NA,NA,NA,NA,NA,NA,NA,NA,NA,NA,NA,NA,NA,NA,NA,NA,NA,NA,NA,NA,NA,NA,NA,NA,NA,NA,NA,NA,NA,NA,NA,NA,NA,NA,NA,NA,NA,NA,0.35,NA,5,1,0
A24037,1,1,0,0,0,0,0,0,0,0,12.00000,0.018649,399,0.025,0.,0.920000,40,35,2,2,0,0,0.000100,0.05,0.840000,0.15,2.050731,0.368606,0.1,NA,NA,NA,NA,NA,NA,NA,NA,NA,NA,NA,NA,NA,NA,NA,NA,NA,NA,NA,NA,NA,NA,NA,NA,NA,NA,NA,NA,NA,NA,NA,NA,NA,NA,NA,NA,NA,NA,NA,NA,NA,NA,NA,NA,NA,NA,NA,NA,NA,NA,0.35,NA,5,1,0
A24039,1,1,0,0,0,0,0,0,0,0,8.000000,0.031174,594,0.004,0.,0.941834,40,35,2,2,0,0,0.004463,0.05,0.560000,0.15,2.000000,0.467699,0.1,NA,NA,NA,NA,NA,NA,NA,NA,NA,NA,NA,NA,NA,NA,NA,NA,NA,NA,NA,NA,NA,NA,NA,NA,NA,NA,NA,NA,NA,NA,NA,NA,NA,NA,NA,NA,NA,NA,NA,NA,NA,NA,NA,NA,NA,NA,NA,NA,NA,NA,0.35,NA,5,1,0
A24041,1,1,0,0,0,0,0,0,0,0,9.767185,0.044227,512,0.009,0.,0.946019,40,35,2,2,0,0,0.002322,0.05,0.683703,0.15,2.000000,0.321404,0.1,NA,NA,NA,NA,NA,NA,NA,NA,NA,NA,NA,NA,NA,NA,NA,NA,NA,NA,NA,NA,NA,NA,NA,NA,NA,NA,NA,NA,NA,NA,NA,NA,NA,NA,NA,NA,NA,NA,NA,NA,NA,NA,NA,NA,NA,NA,NA,NA,NA,NA,0.35,NA,5,1,0
A24043,1,1,0,0,0,0,0,0,0,0,12.00000,0.105732,298,0.062,0.,0.974436,40,35,2,2,0,0,0.000100,0.05,0.840000,0.15,1.151714,0.461134,0.1,NA,NA,NA,NA,NA,NA,NA,NA,NA,NA,NA,NA,NA,NA,NA,NA,NA,NA,NA,NA,NA,NA,NA,NA,NA,NA,NA,NA,NA,NA,NA,NA,NA,NA,NA,NA,NA,NA,NA,NA,NA,NA,NA,NA,NA,NA,NA,NA,NA,NA,0.35,NA,5,1,0
A24045,1,1,0,0,0,0,0,0,0,0,8.000000,0.031187,573,0.005,0.,0.941183,40,35,2,2,0,0,0.004631,0.05,0.560000,0.15,2.000000,0.468756,0.1,NA,NA,NA,NA,NA,NA,NA,NA,NA,NA,NA,NA,NA,NA,NA,NA,NA,NA,NA,NA,NA,NA,NA,NA,NA,NA,NA,NA,NA,NA,NA,NA,NA,NA,NA,NA,NA,NA,NA,NA,NA,NA,NA,NA,NA,NA,NA,NA,NA,NA,0.35,NA,5,1,0
A24047,1,1,0,0,0,0,0,0,0,0,8.000000,0.031174,544,0.007,0.,0.941834,40,35,2,2,0,0,0.004463,0.05,0.560000,0.15,2.000000,0.467699,0.1,NA,NA,NA,NA,NA,NA,NA,NA,NA,NA,NA,NA,NA,NA,NA,NA,NA,NA,NA,NA,NA,NA,NA,NA,NA,NA,NA,NA,NA,NA,NA,NA,NA,NA,NA,NA,NA,NA,NA,NA,NA,NA,NA,NA,NA,NA,NA,NA,NA,NA,0.35,NA,5,1,0
A24510,1,1,0,0,0,0,0,0,0,0,12.00000,0.048216,218,0.127,0.,0.956668,40,35,2,2,0,0,0.000100,0.05,0.840000,0.15,2.197956,0.300000,0.1,NA,NA,NA,NA,NA,NA,NA,NA,NA,NA,NA,NA,NA,NA,NA,NA,NA,NA,NA,NA,NA,NA,NA,NA,NA,NA,NA,NA,NA,NA,NA,NA,NA,NA,NA,NA,NA,NA,NA,NA,NA,NA,NA,NA,NA,NA,NA,NA,NA,NA,0.35,NA,5,1,0
A36003,1,1,0,0,0,0,0,0,0,0,12.00000,0.015649,258,0.089,0.,0.920000,40,35,2,2,0,0,0.000100,0.05,0.840000,0.15,2.000000,0.453698,0.1,NA,NA,NA,NA,NA,NA,NA,NA,NA,NA,NA,NA,NA,NA,NA,NA,NA,NA,NA,NA,NA,NA,NA,NA,NA,NA,NA,NA,NA,NA,NA,NA,NA,NA,NA,NA,NA,NA,NA,NA,NA,NA,NA,NA,NA,NA,NA,NA,NA,NA,0.35,NA,5,1,0
A36007,1,1,0,0,0,0,0,0,0,0,8.401985,0.034284,251,0.095,0.,0.963511,40,35,2,2,0,0,0.003660,0.05,0.588139,0.15,2.000000,0.443149,0.1,NA,NA,NA,NA,NA,NA,NA,NA,NA,NA,NA,NA,NA,NA,NA,NA,NA,NA,NA,NA,NA,NA,NA,NA,NA,NA,NA,NA,NA,NA,NA,NA,NA,NA,NA,NA,NA,NA,NA,NA,NA,NA,NA,NA,NA,NA,NA,NA,NA,NA,0.35,NA,5,1,0
A36015,1,1,0,0,0,0,0,0,0,0,10.06429,0.016177,268,0.081,0.,0.956336,40,35,2,2,0,0,0.001002,0.05,0.704500,0.15,2.000000,0.427694,0.1,NA,NA,NA,NA,NA,NA,NA,NA,NA,NA,NA,NA,NA,NA,NA,NA,NA,NA,NA,NA,NA,NA,NA,NA,NA,NA,NA,NA,NA,NA,NA,NA,NA,NA,NA,NA,NA,NA,NA,NA,NA,NA,NA,NA,NA,NA,NA,NA,NA,NA,0.35,NA,5,1,0
A36017,1,1,0,0,0,0,0,0,0,0,8.000000,0.053912,256,0.091,0.,0.939608,40,35,2,2,0,0,0.005000,0.05,0.560000,0.15,2.000000,0.373179,0.1,NA,NA,NA,NA,NA,NA,NA,NA,NA,NA,NA,NA,NA,NA,NA,NA,NA,NA,NA,NA,NA,NA,NA,NA,NA,NA,NA,NA,NA,NA,NA,NA,NA,NA,NA,NA,NA,NA,NA,NA,NA,NA,NA,NA,NA,NA,NA,NA,NA,NA,0.35,NA,5,1,0
A36023,1,1,0,0,0,0,0,0,0,0,8.000000,0.080583,258,0.089,0.,0.957700,40,35,2,2,0,0,0.005000,0.05,0.560000,0.15,2.140579,0.457972,0.1,NA,NA,NA,NA,NA,NA,NA,NA,NA,NA,NA,NA,NA,NA,NA,NA,NA,NA,NA,NA,NA,NA,NA,NA,NA,NA,NA,NA,NA,NA,NA,NA,NA,NA,NA,NA,NA,NA,NA,NA,NA,NA,NA,NA,NA,NA,NA,NA,NA,NA,0.35,NA,5,1,0
A36025,1,1,0,0,0,0,0,0,0,0,8.000000,0.079126,228,0.117,0.,0.952501,40,35,2,2,0,0,0.005000,0.05,0.560000,0.15,3.372859,0.481650,0.1,NA,NA,NA,NA,NA,NA,NA,NA,NA,NA,NA,NA,NA,NA,NA,NA,NA,NA,NA,NA,NA,NA,NA,NA,NA,NA,NA,NA,NA,NA,NA,NA,NA,NA,NA,NA,NA,NA,NA,NA,NA,NA,NA,NA,NA,NA,NA,NA,NA,NA,0.35,NA,5,1,0
A36043,1,1,0,0,0,0,0,0,0,0,8.000000,0.063977,286,0.069,0.,0.951828,40,35,2,2,0,0,0.005000,0.05,0.560000,0.15,2.832923,0.359141,0.1,NA,NA,NA,NA,NA,NA,NA,NA,NA,NA,NA,NA,NA,NA,NA,NA,NA,NA,NA,NA,NA,NA,NA,NA,NA,NA,NA,NA,NA,NA,NA,NA,NA,NA,NA,NA,NA,NA,NA,NA,NA,NA,NA,NA,NA,NA,NA,NA,NA,NA,0.35,NA,5,1,0
A36051,1,1,0,0,0,0,0,0,0,0,9.847300,0.038305,316,0.053,0.,0.942524,40,35,2,2,0,0,0.000917,0.05,0.689311,0.15,4.000000,0.468386,0.1,NA,NA,NA,NA,NA,NA,NA,NA,NA,NA,NA,NA,NA,NA,NA,NA,NA,NA,NA,NA,NA,NA,NA,NA,NA,NA,NA,NA,NA,NA,NA,NA,NA,NA,NA,NA,NA,NA,NA,NA,NA,NA,NA,NA,NA,NA,NA,NA,NA,NA,0.35,NA,5,1,0
A36053,1,1,0,0,0,0,0,0,0,0,8.000000,0.082304,280,0.073,0.,0.947548,40,35,2,2,0,0,0.002492,0.05,0.560000,0.15,2.879286,0.470855,0.1,NA,NA,NA,NA,NA,NA,NA,NA,NA,NA,NA,NA,NA,NA,NA,NA,NA,NA,NA,NA,NA,NA,NA,NA,NA,NA,NA,NA,NA,NA,NA,NA,NA,NA,NA,NA,NA,NA,NA,NA,NA,NA,NA,NA,NA,NA,NA,NA,NA,NA,0.35,NA,5,1,0
A36065,1,1,0,0,0,0,0,0,0,0,8.000000,0.078589,336,0.044,0.,0.961048,40,35,2,2,0,0,0.003627,0.05,0.560000,0.15,3.099883,0.410060,0.1,NA,NA,NA,NA,NA,NA,NA,NA,NA,NA,NA,NA,NA,NA,NA,NA,NA,NA,NA,NA,NA,NA,NA,NA,NA,NA,NA,NA,NA,NA,NA,NA,NA,NA,NA,NA,NA,NA,NA,NA,NA,NA,NA,NA,NA,NA,NA,NA,NA,NA,0.35,NA,5,1,0
A36067,1,1,0,0,0,0,0,0,0,0,8.000000,0.098786,316,0.053,0.,0.967988,40,35,2,2,0,0,0.005000,0.05,0.560000,0.15,2.326060,0.500184,0.1,NA,NA,NA,NA,NA,NA,NA,NA,NA,NA,NA,NA,NA,NA,NA,NA,NA,NA,NA,NA,NA,NA,NA,NA,NA,NA,NA,NA,NA,NA,NA,NA,NA,NA,NA,NA,NA,NA,NA,NA,NA,NA,NA,NA,NA,NA,NA,NA,NA,NA,0.35,NA,5,1,0
A36069,1,1,0,0,0,0,0,0,0,0,9.847300,0.038305,317,0.052,0.,0.942524,40,35,2,2,0,0,0.000917,0.05,0.689311,0.15,4.000000,0.468386,0.1,NA,NA,NA,NA,NA,NA,NA,NA,NA,NA,NA,NA,NA,NA,NA,NA,NA,NA,NA,NA,NA,NA,NA,NA,NA,NA,NA,NA,NA,NA,NA,NA,NA,NA,NA,NA,NA,NA,NA,NA,NA,NA,NA,NA,NA,NA,NA,NA,NA,NA,0.35,NA,5,1,0
A36077,1,1,0,0,0,0,0,0,0,0,8.000000,0.079080,247,0.098,0.,0.955652,40,35,2,2,0,0,0.005000,0.05,0.560000,0.15,2.754846,0.543383,0.1,NA,NA,NA,NA,NA,NA,NA,NA,NA,NA,NA,NA,NA,NA,NA,NA,NA,NA,NA,NA,NA,NA,NA,NA,NA,NA,NA,NA,NA,NA,NA,NA,NA,NA,NA,NA,NA,NA,NA,NA,NA,NA,NA,NA,NA,NA,NA,NA,NA,NA,0.35,NA,5,1,0
A36095,1,1,0,0,0,0,0,0,0,0,8.000000,0.080643,256,0.090,0.,0.952439,40,35,2,2,0,0,0.005000,0.05,0.560000,0.15,3.441064,0.484904,0.1,NA,NA,NA,NA,NA,NA,NA,NA,NA,NA,NA,NA,NA,NA,NA,NA,NA,NA,NA,NA,NA,NA,NA,NA,NA,NA,NA,NA,NA,NA,NA,NA,NA,NA,NA,NA,NA,NA,NA,NA,NA,NA,NA,NA,NA,NA,NA,NA,NA,NA,0.35,NA,5,1,0
A36097,1,1,0,0,0,0,0,0,0,0,10.18998,0.029862,299,0.061,0.,0.944110,40,35,2,2,0,0,0.000627,0.05,0.713298,0.15,3.891731,0.460816,0.1,NA,NA,NA,NA,NA,NA,NA,NA,NA,NA,NA,NA,NA,NA,NA,NA,NA,NA,NA,NA,NA,NA,NA,NA,NA,NA,NA,NA,NA,NA,NA,NA,NA,NA,NA,NA,NA,NA,NA,NA,NA,NA,NA,NA,NA,NA,NA,NA,NA,NA,0.35,NA,5,1,0
A36101,1,1,0,0,0,0,0,0,0,0,10.94433,0.023260,252,0.094,0.,0.936300,40,35,2,2,0,0,0.000100,0.05,0.766103,0.15,3.181682,0.455949,0.1,NA,NA,NA,NA,NA,NA,NA,NA,NA,NA,NA,NA,NA,NA,NA,NA,NA,NA,NA,NA,NA,NA,NA,NA,NA,NA,NA,NA,NA,NA,NA,NA,NA,NA,NA,NA,NA,NA,NA,NA,NA,NA,NA,NA,NA,NA,NA,NA,NA,NA,0.35,NA,5,1,0
A36107,1,1,0,0,0,0,0,0,0,0,8.846869,0.027270,260,0.087,0.,0.952451,40,35,2,2,0,0,0.002565,0.05,0.619281,0.15,2.000000,0.427042,0.1,NA,NA,NA,NA,NA,NA,NA,NA,NA,NA,NA,NA,NA,NA,NA,NA,NA,NA,NA,NA,NA,NA,NA,NA,NA,NA,NA,NA,NA,NA,NA,NA,NA,NA,NA,NA,NA,NA,NA,NA,NA,NA,NA,NA,NA,NA,NA,NA,NA,NA,0.35,NA,5,1,0
A36109,1,1,0,0,0,0,0,0,0,0,8.846211,0.027294,307,0.057,0.,0.952420,40,35,2,2,0,0,0.002565,0.05,0.619235,0.15,2.000000,0.427039,0.1,NA,NA,NA,NA,NA,NA,NA,NA,NA,NA,NA,NA,NA,NA,NA,NA,NA,NA,NA,NA,NA,NA,NA,NA,NA,NA,NA,NA,NA,NA,NA,NA,NA,NA,NA,NA,NA,NA,NA,NA,NA,NA,NA,NA,NA,NA,NA,NA,NA,NA,0.35,NA,5,1,0
A36123,1,1,0,0,0,0,0,0,0,0,9.847300,0.038305,306,0.058,0.,0.942524,40,35,2,2,0,0,0.000917,0.05,0.689311,0.15,4.000000,0.468386,0.1,NA,NA,NA,NA,NA,NA,NA,NA,NA,NA,NA,NA,NA,NA,NA,NA,NA,NA,NA,NA,NA,NA,NA,NA,NA,NA,NA,NA,NA,NA,NA,NA,NA,NA,NA,NA,NA,NA,NA,NA,NA,NA,NA,NA,NA,NA,NA,NA,NA,NA,0.35,NA,5,1,0
A37001,1,1,0,0,0,0,0,0,0,0,12.00000,0.016157,326,0.048,0.,0.962540,40,35,2,2,0,0,0.000100,0.05,0.840000,0.15,2.065392,0.521520,0.1,NA,NA,NA,NA,NA,NA,NA,NA,NA,NA,NA,NA,NA,NA,NA,NA,NA,NA,NA,NA,NA,NA,NA,NA,NA,NA,NA,NA,NA,NA,NA,NA,NA,NA,NA,NA,NA,NA,NA,NA,NA,NA,NA,NA,NA,NA,NA,NA,NA,NA,0.35,NA,5,1,0
A37005,1,1,0,0,0,0,0,0,0,0,11.49614,0.094713,184,0.173,0.,0.960773,40,35,2,2,0,0,0.000100,0.05,0.804730,0.15,4.000000,0.336162,0.1,NA,NA,NA,NA,NA,NA,NA,NA,NA,NA,NA,NA,NA,NA,NA,NA,NA,NA,NA,NA,NA,NA,NA,NA,NA,NA,NA,NA,NA,NA,NA,NA,NA,NA,NA,NA,NA,NA,NA,NA,NA,NA,NA,NA,NA,NA,NA,NA,NA,NA,0.35,NA,5,1,0
A37009,1,1,0,0,0,0,0,0,0,0,12.00000,0.125000,169,0.199,0.,0.970415,40,35,2,2,0,0,0.000100,0.05,0.840000,0.15,4.000000,0.409665,0.1,NA,NA,NA,NA,NA,NA,NA,NA,NA,NA,NA,NA,NA,NA,NA,NA,NA,NA,NA,NA,NA,NA,NA,NA,NA,NA,NA,NA,NA,NA,NA,NA,NA,NA,NA,NA,NA,NA,NA,NA,NA,NA,NA,NA,NA,NA,NA,NA,NA,NA,0.35,NA,5,1,0
A37033,1,1,0,0,0,0,0,0,0,0,12.00000,0.016157,297,0.063,0.,0.962540,40,35,2,2,0,0,0.000100,0.05,0.840000,0.15,2.065392,0.521520,0.1,NA,NA,NA,NA,NA,NA,NA,NA,NA,NA,NA,NA,NA,NA,NA,NA,NA,NA,NA,NA,NA,NA,NA,NA,NA,NA,NA,NA,NA,NA,NA,NA,NA,NA,NA,NA,NA,NA,NA,NA,NA,NA,NA,NA,NA,NA,NA,NA,NA,NA,0.35,NA,5,1,0
A37067,1,1,0,0,0,0,0,0,0,0,12.00000,0.025997,287,0.068,0.,0.987601,40,35,2,2,0,0,0.000100,0.05,0.840000,0.15,2.000000,0.402107,0.1,NA,NA,NA,NA,NA,NA,NA,NA,NA,NA,NA,NA,NA,NA,NA,NA,NA,NA,NA,NA,NA,NA,NA,NA,NA,NA,NA,NA,NA,NA,NA,NA,NA,NA,NA,NA,NA,NA,NA,NA,NA,NA,NA,NA,NA,NA,NA,NA,NA,NA,0.35,NA,5,1,0
A37077,1,1,0,0,0,0,0,0,0,0,12.00000,0.016157,335,0.044,0.,0.962540,40,35,2,2,0,0,0.000100,0.05,0.840000,0.15,2.065392,0.521520,0.1,NA,NA,NA,NA,NA,NA,NA,NA,NA,NA,NA,NA,NA,NA,NA,NA,NA,NA,NA,NA,NA,NA,NA,NA,NA,NA,NA,NA,NA,NA,NA,NA,NA,NA,NA,NA,NA,NA,NA,NA,NA,NA,NA,NA,NA,NA,NA,NA,NA,NA,0.35,NA,5,1,0
A37081,1,1,0,0,0,0,0,0,0,0,12.00000,0.025997,318,0.052,0.,0.987601,40,35,2,2,0,0,0.000100,0.05,0.840000,0.15,2.000000,0.402107,0.1,NA,NA,NA,NA,NA,NA,NA,NA,NA,NA,NA,NA,NA,NA,NA,NA,NA,NA,NA,NA,NA,NA,NA,NA,NA,NA,NA,NA,NA,NA,NA,NA,NA,NA,NA,NA,NA,NA,NA,NA,NA,NA,NA,NA,NA,NA,NA,NA,NA,NA,0.35,NA,5,1,0
A37131,1,1,0,0,0,0,0,0,0,0,8.000000,0.014286,448,0.016,0.,0.920000,40,35,2,2,0,0,0.000512,0.05,0.560000,0.15,2.000000,0.324099,0.1,NA,NA,NA,NA,NA,NA,NA,NA,NA,NA,NA,NA,NA,NA,NA,NA,NA,NA,NA,NA,NA,NA,NA,NA,NA,NA,NA,NA,NA,NA,NA,NA,NA,NA,NA,NA,NA,NA,NA,NA,NA,NA,NA,NA,NA,NA,NA,NA,NA,NA,0.35,NA,5,1,0
A37135,1,1,0,0,0,0,0,0,0,0,12.00000,0.016157,335,0.044,0.,0.962540,40,35,2,2,0,0,0.000100,0.05,0.840000,0.15,2.065392,0.521520,0.1,NA,NA,NA,NA,NA,NA,NA,NA,NA,NA,NA,NA,NA,NA,NA,NA,NA,NA,NA,NA,NA,NA,NA,NA,NA,NA,NA,NA,NA,NA,NA,NA,NA,NA,NA,NA,NA,NA,NA,NA,NA,NA,NA,NA,NA,NA,NA,NA,NA,NA,0.35,NA,5,1,0
A37145,1,1,0,0,0,0,0,0,0,0,12.00000,0.016157,321,0.050,0.,0.962540,40,35,2,2,0,0,0.000100,0.05,0.840000,0.15,2.065392,0.521520,0.1,NA,NA,NA,NA,NA,NA,NA,NA,NA,NA,NA,NA,NA,NA,NA,NA,NA,NA,NA,NA,NA,NA,NA,NA,NA,NA,NA,NA,NA,NA,NA,NA,NA,NA,NA,NA,NA,NA,NA,NA,NA,NA,NA,NA,NA,NA,NA,NA,NA,NA,0.35,NA,5,1,0
A37157,1,1,0,0,0,0,0,0,0,0,12.00000,0.023059,292,0.065,0.,0.986807,40,35,2,2,0,0,0.000100,0.05,0.840000,0.15,2.000000,0.440462,0.1,NA,NA,NA,NA,NA,NA,NA,NA,NA,NA,NA,NA,NA,NA,NA,NA,NA,NA,NA,NA,NA,NA,NA,NA,NA,NA,NA,NA,NA,NA,NA,NA,NA,NA,NA,NA,NA,NA,NA,NA,NA,NA,NA,NA,NA,NA,NA,NA,NA,NA,0.35,NA,5,1,0
A37169,1,1,0,0,0,0,0,0,0,0,12.00000,0.030919,258,0.089,0.,0.976497,40,35,2,2,0,0,0.000100,0.05,0.840000,0.15,2.114680,0.466916,0.1,NA,NA,NA,NA,NA,NA,NA,NA,NA,NA,NA,NA,NA,NA,NA,NA,NA,NA,NA,NA,NA,NA,NA,NA,NA,NA,NA,NA,NA,NA,NA,NA,NA,NA,NA,NA,NA,NA,NA,NA,NA,NA,NA,NA,NA,NA,NA,NA,NA,NA,0.35,NA,5,1,0
A37171,1,1,0,0,0,0,0,0,0,0,12.00000,0.059540,257,0.089,0.,0.973228,40,35,2,2,0,0,0.000100,0.05,0.840000,0.15,4.000000,0.789366,0.1,NA,NA,NA,NA,NA,NA,NA,NA,NA,NA,NA,NA,NA,NA,NA,NA,NA,NA,NA,NA,NA,NA,NA,NA,NA,NA,NA,NA,NA,NA,NA,NA,NA,NA,NA,NA,NA,NA,NA,NA,NA,NA,NA,NA,NA,NA,NA,NA,NA,NA,0.35,NA,5,1,0
A37181,1,1,0,0,0,0,0,0,0,0,12.00000,0.016157,323,0.050,0.,0.962540,40,35,2,2,0,0,0.000100,0.05,0.840000,0.15,2.065392,0.521520,0.1,NA,NA,NA,NA,NA,NA,NA,NA,NA,NA,NA,NA,NA,NA,NA,NA,NA,NA,NA,NA,NA,NA,NA,NA,NA,NA,NA,NA,NA,NA,NA,NA,NA,NA,NA,NA,NA,NA,NA,NA,NA,NA,NA,NA,NA,NA,NA,NA,NA,NA,0.35,NA,5,1,0
A37185,1,1,0,0,0,0,0,0,0,0,12.00000,0.016157,331,0.046,0.,0.962540,40,35,2,2,0,0,0.000100,0.05,0.840000,0.15,2.065392,0.521520,0.1,NA,NA,NA,NA,NA,NA,NA,NA,NA,NA,NA,NA,NA,NA,NA,NA,NA,NA,NA,NA,NA,NA,NA,NA,NA,NA,NA,NA,NA,NA,NA,NA,NA,NA,NA,NA,NA,NA,NA,NA,NA,NA,NA,NA,NA,NA,NA,NA,NA,NA,0.35,NA,5,1,0
A37189,1,1,0,0,0,0,0,0,0,0,12.00000,0.125000,176,0.186,0.,0.980926,40,35,2,2,0,0,0.000100,0.05,0.840000,0.15,4.000000,0.490799,0.1,NA,NA,NA,NA,NA,NA,NA,NA,NA,NA,NA,NA,NA,NA,NA,NA,NA,NA,NA,NA,NA,NA,NA,NA,NA,NA,NA,NA,NA,NA,NA,NA,NA,NA,NA,NA,NA,NA,NA,NA,NA,NA,NA,NA,NA,NA,NA,NA,NA,NA,0.35,NA,5,1,0
A42001,1,1,0,0,0,0,0,0,0,0,9.484872,0.014286,351,0.038,0.,0.920000,40,35,2,2,0,0,0.000124,0.05,0.663941,0.15,2.000000,0.300000,0.1,NA,NA,NA,NA,NA,NA,NA,NA,NA,NA,NA,NA,NA,NA,NA,NA,NA,NA,NA,NA,NA,NA,NA,NA,NA,NA,NA,NA,NA,NA,NA,NA,NA,NA,NA,NA,NA,NA,NA,NA,NA,NA,NA,NA,NA,NA,NA,NA,NA,NA,0.35,NA,5,1,0
A42009,1,1,0,0,0,0,0,0,0,0,9.259536,0.043731,269,0.080,0.,0.961211,40,35,2,2,0,0,0.000998,0.05,0.648167,0.15,2.791222,0.448234,0.1,NA,NA,NA,NA,NA,NA,NA,NA,NA,NA,NA,NA,NA,NA,NA,NA,NA,NA,NA,NA,NA,NA,NA,NA,NA,NA,NA,NA,NA,NA,NA,NA,NA,NA,NA,NA,NA,NA,NA,NA,NA,NA,NA,NA,NA,NA,NA,NA,NA,NA,0.35,NA,5,1,0
A42011,1,1,0,0,0,0,0,0,0,0,8.732102,0.032653,277,0.075,0.,0.928955,40,35,2,2,0,0,0.000177,0.05,0.611247,0.15,2.000000,0.336466,0.1,NA,NA,NA,NA,NA,NA,NA,NA,NA,NA,NA,NA,NA,NA,NA,NA,NA,NA,NA,NA,NA,NA,NA,NA,NA,NA,NA,NA,NA,NA,NA,NA,NA,NA,NA,NA,NA,NA,NA,NA,NA,NA,NA,NA,NA,NA,NA,NA,NA,NA,0.35,NA,5,1,0
A42013,1,1,0,0,0,0,0,0,0,0,10.57535,0.046346,258,0.089,0.,0.953106,40,35,2,2,0,0,0.001225,0.05,0.740274,0.15,2.000000,0.550628,0.1,NA,NA,NA,NA,NA,NA,NA,NA,NA,NA,NA,NA,NA,NA,NA,NA,NA,NA,NA,NA,NA,NA,NA,NA,NA,NA,NA,NA,NA,NA,NA,NA,NA,NA,NA,NA,NA,NA,NA,NA,NA,NA,NA,NA,NA,NA,NA,NA,NA,NA,0.35,NA,5,1,0
A42015,1,1,0,0,0,0,0,0,0,0,8.000000,0.028179,239,0.105,0.,0.932808,40,35,2,2,0,0,0.001301,0.05,0.560000,0.15,2.000000,0.407215,0.1,NA,NA,NA,NA,NA,NA,NA,NA,NA,NA,NA,NA,NA,NA,NA,NA,NA,NA,NA,NA,NA,NA,NA,NA,NA,NA,NA,NA,NA,NA,NA,NA,NA,NA,NA,NA,NA,NA,NA,NA,NA,NA,NA,NA,NA,NA,NA,NA,NA,NA,0.35,NA,5,1,0
A42021,1,1,0,0,0,0,0,0,0,0,8.000000,0.053400,248,0.097,0.,0.928896,40,35,2,2,0,0,0.000228,0.05,0.560000,0.15,2.559958,0.353495,0.1,NA,NA,NA,NA,NA,NA,NA,NA,NA,NA,NA,NA,NA,NA,NA,NA,NA,NA,NA,NA,NA,NA,NA,NA,NA,NA,NA,NA,NA,NA,NA,NA,NA,NA,NA,NA,NA,NA,NA,NA,NA,NA,NA,NA,NA,NA,NA,NA,NA,NA,0.35,NA,5,1,0
A42023,1,1,0,0,0,0,0,0,0,0,8.000000,0.041269,207,0.140,0.,0.920000,40,35,2,2,0,0,0.000218,0.05,0.560000,0.15,4.000000,0.530681,0.1,NA,NA,NA,NA,NA,NA,NA,NA,NA,NA,NA,NA,NA,NA,NA,NA,NA,NA,NA,NA,NA,NA,NA,NA,NA,NA,NA,NA,NA,NA,NA,NA,NA,NA,NA,NA,NA,NA,NA,NA,NA,NA,NA,NA,NA,NA,NA,NA,NA,NA,0.35,NA,5,1,0
A42025,1,1,0,0,0,0,0,0,0,0,9.405359,0.027458,264,0.084,0.,0.970850,40,35,2,2,0,0,0.000682,0.05,0.658375,0.15,2.000000,0.438023,0.1,NA,NA,NA,NA,NA,NA,NA,NA,NA,NA,NA,NA,NA,NA,NA,NA,NA,NA,NA,NA,NA,NA,NA,NA,NA,NA,NA,NA,NA,NA,NA,NA,NA,NA,NA,NA,NA,NA,NA,NA,NA,NA,NA,NA,NA,NA,NA,NA,NA,NA,0.35,NA,5,1,0
A42027,1,1,0,0,0,0,0,0,0,0,12.00000,0.100744,272,0.078,0.,0.961566,40,35,2,2,0,0,0.000100,0.05,0.840000,0.15,3.355619,0.679518,0.1,NA,NA,NA,NA,NA,NA,NA,NA,NA,NA,NA,NA,NA,NA,NA,NA,NA,NA,NA,NA,NA,NA,NA,NA,NA,NA,NA,NA,NA,NA,NA,NA,NA,NA,NA,NA,NA,NA,NA,NA,NA,NA,NA,NA,NA,NA,NA,NA,NA,NA,0.35,NA,5,1,0
A42029,1,1,0,0,0,0,0,0,0,0,12.00000,0.033920,286,0.069,0.,0.958721,40,35,2,2,0,0,0.000100,0.05,0.840000,0.15,2.000000,0.300000,0.1,NA,NA,NA,NA,NA,NA,NA,NA,NA,NA,NA,NA,NA,NA,NA,NA,NA,NA,NA,NA,NA,NA,NA,NA,NA,NA,NA,NA,NA,NA,NA,NA,NA,NA,NA,NA,NA,NA,NA,NA,NA,NA,NA,NA,NA,NA,NA,NA,NA,NA,0.35,NA,5,1,0
A42033,1,1,0,0,0,0,0,0,0,0,8.000000,0.069055,243,0.102,0.,0.931485,40,35,2,2,0,0,0.000100,0.05,0.560000,0.15,2.082828,0.457032,0.1,NA,NA,NA,NA,NA,NA,NA,NA,NA,NA,NA,NA,NA,NA,NA,NA,NA,NA,NA,NA,NA,NA,NA,NA,NA,NA,NA,NA,NA,NA,NA,NA,NA,NA,NA,NA,NA,NA,NA,NA,NA,NA,NA,NA,NA,NA,NA,NA,NA,NA,0.35,NA,5,1,0
A42035,1,1,0,0,0,0,0,0,0,0,8.000000,0.067804,226,0.119,0.,0.922388,40,35,2,2,0,0,0.000197,0.05,0.560000,0.15,2.814039,0.557489,0.1,NA,NA,NA,NA,NA,NA,NA,NA,NA,NA,NA,NA,NA,NA,NA,NA,NA,NA,NA,NA,NA,NA,NA,NA,NA,NA,NA,NA,NA,NA,NA,NA,NA,NA,NA,NA,NA,NA,NA,NA,NA,NA,NA,NA,NA,NA,NA,NA,NA,NA,0.35,NA,5,1,0
A42037,1,1,0,0,0,0,0,0,0,0,10.60327,0.054891,238,0.107,0.,0.930217,40,35,2,2,0,0,0.000100,0.05,0.742229,0.15,2.760871,0.477204,0.1,NA,NA,NA,NA,NA,NA,NA,NA,NA,NA,NA,NA,NA,NA,NA,NA,NA,NA,NA,NA,NA,NA,NA,NA,NA,NA,NA,NA,NA,NA,NA,NA,NA,NA,NA,NA,NA,NA,NA,NA,NA,NA,NA,NA,NA,NA,NA,NA,NA,NA,0.35,NA,5,1,0
A42041,1,1,0,0,0,0,0,0,0,0,9.962108,0.044138,314,0.053,0.,0.949569,40,35,2,2,0,0,0.000442,0.05,0.697348,0.15,2.379486,0.369022,0.1,NA,NA,NA,NA,NA,NA,NA,NA,NA,NA,NA,NA,NA,NA,NA,NA,NA,NA,NA,NA,NA,NA,NA,NA,NA,NA,NA,NA,NA,NA,NA,NA,NA,NA,NA,NA,NA,NA,NA,NA,NA,NA,NA,NA,NA,NA,NA,NA,NA,NA,0.35,NA,5,1,0
A42043,1,1,0,0,0,0,0,0,0,0,8.000000,0.028365,285,0.070,0.,0.920000,40,35,2,2,0,0,0.005000,0.05,0.560000,0.15,2.000000,0.420171,0.1,NA,NA,NA,NA,NA,NA,NA,NA,NA,NA,NA,NA,NA,NA,NA,NA,NA,NA,NA,NA,NA,NA,NA,NA,NA,NA,NA,NA,NA,NA,NA,NA,NA,NA,NA,NA,NA,NA,NA,NA,NA,NA,NA,NA,NA,NA,NA,NA,NA,NA,0.35,NA,5,1,0
A42047,1,1,0,0,0,0,0,0,0,0,8.000000,0.044588,268,0.081,0.,0.920000,40,35,2,2,0,0,0.000218,0.05,0.560000,0.15,3.966847,0.503295,0.1,NA,NA,NA,NA,NA,NA,NA,NA,NA,NA,NA,NA,NA,NA,NA,NA,NA,NA,NA,NA,NA,NA,NA,NA,NA,NA,NA,NA,NA,NA,NA,NA,NA,NA,NA,NA,NA,NA,NA,NA,NA,NA,NA,NA,NA,NA,NA,NA,NA,NA,0.35,NA,5,1,0
A42055,1,1,0,0,0,0,0,0,0,0,11.25389,0.059517,326,0.048,0.,0.959817,40,35,2,2,0,0,0.000100,0.05,0.787772,0.15,2.000000,0.343175,0.1,NA,NA,NA,NA,NA,NA,NA,NA,NA,NA,NA,NA,NA,NA,NA,NA,NA,NA,NA,NA,NA,NA,NA,NA,NA,NA,NA,NA,NA,NA,NA,NA,NA,NA,NA,NA,NA,NA,NA,NA,NA,NA,NA,NA,NA,NA,NA,NA,NA,NA,0.35,NA,5,1,0
A42057,1,1,0,0,0,0,0,0,0,0,12.00000,0.014298,256,0.090,0.,0.920000,40,35,2,2,0,0,0.000295,0.05,0.840000,0.15,2.000000,0.318945,0.1,NA,NA,NA,NA,NA,NA,NA,NA,NA,NA,NA,NA,NA,NA,NA,NA,NA,NA,NA,NA,NA,NA,NA,NA,NA,NA,NA,NA,NA,NA,NA,NA,NA,NA,NA,NA,NA,NA,NA,NA,NA,NA,NA,NA,NA,NA,NA,NA,NA,NA,0.35,NA,5,1,0
A42061,1,1,0,0,0,0,0,0,0,0,12.00000,0.025787,251,0.095,0.,0.920000,40,35,2,2,0,0,0.000398,0.05,0.840000,0.15,2.000000,0.318945,0.1,NA,NA,NA,NA,NA,NA,NA,NA,NA,NA,NA,NA,NA,NA,NA,NA,NA,NA,NA,NA,NA,NA,NA,NA,NA,NA,NA,NA,NA,NA,NA,NA,NA,NA,NA,NA,NA,NA,NA,NA,NA,NA,NA,NA,NA,NA,NA,NA,NA,NA,0.35,NA,5,1,0
A42063,1,1,0,0,0,0,0,0,0,0,8.000000,0.046904,244,0.101,0.,0.927157,40,35,2,2,0,0,0.000101,0.05,0.560000,0.15,2.000000,0.412813,0.1,NA,NA,NA,NA,NA,NA,NA,NA,NA,NA,NA,NA,NA,NA,NA,NA,NA,NA,NA,NA,NA,NA,NA,NA,NA,NA,NA,NA,NA,NA,NA,NA,NA,NA,NA,NA,NA,NA,NA,NA,NA,NA,NA,NA,NA,NA,NA,NA,NA,NA,0.35,NA,5,1,0
A42065,1,1,0,0,0,0,0,0,0,0,8.000000,0.046904,242,0.102,0.,0.927157,40,35,2,2,0,0,0.000101,0.05,0.560000,0.15,2.000000,0.412813,0.1,NA,NA,NA,NA,NA,NA,NA,NA,NA,NA,NA,NA,NA,NA,NA,NA,NA,NA,NA,NA,NA,NA,NA,NA,NA,NA,NA,NA,NA,NA,NA,NA,NA,NA,NA,NA,NA,NA,NA,NA,NA,NA,NA,NA,NA,NA,NA,NA,NA,NA,0.35,NA,5,1,0
A42067,1,1,0,0,0,0,0,0,0,0,9.139091,0.029228,262,0.086,0.,0.962718,40,35,2,2,0,0,0.000414,0.05,0.639736,0.15,2.000000,0.442762,0.1,NA,NA,NA,NA,NA,NA,NA,NA,NA,NA,NA,NA,NA,NA,NA,NA,NA,NA,NA,NA,NA,NA,NA,NA,NA,NA,NA,NA,NA,NA,NA,NA,NA,NA,NA,NA,NA,NA,NA,NA,NA,NA,NA,NA,NA,NA,NA,NA,NA,NA,0.35,NA,5,1,0
A42069,1,1,0,0,0,0,0,0,0,0,8.975804,0.077592,264,0.084,0.,0.944020,40,35,2,2,0,0,0.004381,0.05,0.628306,0.15,2.766568,0.850000,0.1,NA,NA,NA,NA,NA,NA,NA,NA,NA,NA,NA,NA,NA,NA,NA,NA,NA,NA,NA,NA,NA,NA,NA,NA,NA,NA,NA,NA,NA,NA,NA,NA,NA,NA,NA,NA,NA,NA,NA,NA,NA,NA,NA,NA,NA,NA,NA,NA,NA,NA,0.35,NA,5,1,0
A42071,1,1,0,0,0,0,0,0,0,0,12.00000,0.053992,300,0.061,0.,0.975103,40,35,2,2,0,0,0.000100,0.05,0.840000,0.15,2.000000,0.583316,0.1,NA,NA,NA,NA,NA,NA,NA,NA,NA,NA,NA,NA,NA,NA,NA,NA,NA,NA,NA,NA,NA,NA,NA,NA,NA,NA,NA,NA,NA,NA,NA,NA,NA,NA,NA,NA,NA,NA,NA,NA,NA,NA,NA,NA,NA,NA,NA,NA,NA,NA,0.35,NA,5,1,0
A42075,1,1,0,0,0,0,0,0,0,0,12.00000,0.083146,307,0.057,0.,0.957634,40,35,2,2,0,0,0.000100,0.05,0.840000,0.15,3.032918,0.569416,0.1,NA,NA,NA,NA,NA,NA,NA,NA,NA,NA,NA,NA,NA,NA,NA,NA,NA,NA,NA,NA,NA,NA,NA,NA,NA,NA,NA,NA,NA,NA,NA,NA,NA,NA,NA,NA,NA,NA,NA,NA,NA,NA,NA,NA,NA,NA,NA,NA,NA,NA,0.35,NA,5,1,0
A42079,1,1,0,0,0,0,0,0,0,0,8.000000,0.051918,263,0.085,0.,0.938710,40,35,2,2,0,0,0.001480,0.05,0.560000,0.15,2.000000,0.522807,0.1,NA,NA,NA,NA,NA,NA,NA,NA,NA,NA,NA,NA,NA,NA,NA,NA,NA,NA,NA,NA,NA,NA,NA,NA,NA,NA,NA,NA,NA,NA,NA,NA,NA,NA,NA,NA,NA,NA,NA,NA,NA,NA,NA,NA,NA,NA,NA,NA,NA,NA,0.35,NA,5,1,0
A42081,1,1,0,0,0,0,0,0,0,0,8.000000,0.079049,242,0.102,0.,0.942736,40,35,2,2,0,0,0.005000,0.05,0.560000,0.15,2.002735,0.508043,0.1,NA,NA,NA,NA,NA,NA,NA,NA,NA,NA,NA,NA,NA,NA,NA,NA,NA,NA,NA,NA,NA,NA,NA,NA,NA,NA,NA,NA,NA,NA,NA,NA,NA,NA,NA,NA,NA,NA,NA,NA,NA,NA,NA,NA,NA,NA,NA,NA,NA,NA,0.35,NA,5,1,0
A42083,1,1,0,0,0,0,0,0,0,0,8.000000,0.037566,226,0.119,0.,0.920000,40,35,2,2,0,0,0.000258,0.05,0.560000,0.15,4.000000,0.547367,0.1,NA,NA,NA,NA,NA,NA,NA,NA,NA,NA,NA,NA,NA,NA,NA,NA,NA,NA,NA,NA,NA,NA,NA,NA,NA,NA,NA,NA,NA,NA,NA,NA,NA,NA,NA,NA,NA,NA,NA,NA,NA,NA,NA,NA,NA,NA,NA,NA,NA,NA,0.35,NA,5,1,0
A42087,1,1,0,0,0,0,0,0,0,0,8.000000,0.047106,262,0.086,0.,0.948209,40,35,2,2,0,0,0.005000,0.05,0.560000,0.15,2.000000,0.336271,0.1,NA,NA,NA,NA,NA,NA,NA,NA,NA,NA,NA,NA,NA,NA,NA,NA,NA,NA,NA,NA,NA,NA,NA,NA,NA,NA,NA,NA,NA,NA,NA,NA,NA,NA,NA,NA,NA,NA,NA,NA,NA,NA,NA,NA,NA,NA,NA,NA,NA,NA,0.35,NA,5,1,0
A42093,1,1,0,0,0,0,0,0,0,0,12.00000,0.014286,267,0.082,0.,0.920000,40,35,2,2,0,0,0.000100,0.05,0.840000,0.15,2.000000,0.300000,0.1,NA,NA,NA,NA,NA,NA,NA,NA,NA,NA,NA,NA,NA,NA,NA,NA,NA,NA,NA,NA,NA,NA,NA,NA,NA,NA,NA,NA,NA,NA,NA,NA,NA,NA,NA,NA,NA,NA,NA,NA,NA,NA,NA,NA,NA,NA,NA,NA,NA,NA,0.35,NA,5,1,0
A42097,1,1,0,0,0,0,0,0,0,0,12.00000,0.125000,276,0.075,0.,0.975478,40,35,2,2,0,0,0.000100,0.05,0.840000,0.15,3.713143,0.771738,0.1,NA,NA,NA,NA,NA,NA,NA,NA,NA,NA,NA,NA,NA,NA,NA,NA,NA,NA,NA,NA,NA,NA,NA,NA,NA,NA,NA,NA,NA,NA,NA,NA,NA,NA,NA,NA,NA,NA,NA,NA,NA,NA,NA,NA,NA,NA,NA,NA,NA,NA,0.35,NA,5,1,0
A42099,1,1,0,0,0,0,0,0,0,0,9.742424,0.037798,256,0.090,0.,0.934296,40,35,2,2,0,0,0.000299,0.05,0.681970,0.15,2.000000,0.312779,0.1,NA,NA,NA,NA,NA,NA,NA,NA,NA,NA,NA,NA,NA,NA,NA,NA,NA,NA,NA,NA,NA,NA,NA,NA,NA,NA,NA,NA,NA,NA,NA,NA,NA,NA,NA,NA,NA,NA,NA,NA,NA,NA,NA,NA,NA,NA,NA,NA,NA,NA,0.35,NA,5,1,0
A42105,1,1,0,0,0,0,0,0,0,0,8.000000,0.050277,218,0.127,0.,0.920000,40,35,2,2,0,0,0.000395,0.05,0.560000,0.15,2.060891,0.542688,0.1,NA,NA,NA,NA,NA,NA,NA,NA,NA,NA,NA,NA,NA,NA,NA,NA,NA,NA,NA,NA,NA,NA,NA,NA,NA,NA,NA,NA,NA,NA,NA,NA,NA,NA,NA,NA,NA,NA,NA,NA,NA,NA,NA,NA,NA,NA,NA,NA,NA,NA,0.35,NA,5,1,0
A42107,1,1,0,0,0,0,0,0,0,0,10.90113,0.061073,255,0.091,0.,0.920000,40,35,2,2,0,0,0.000100,0.05,0.763079,0.15,2.000000,0.414225,0.1,NA,NA,NA,NA,NA,NA,NA,NA,NA,NA,NA,NA,NA,NA,NA,NA,NA,NA,NA,NA,NA,NA,NA,NA,NA,NA,NA,NA,NA,NA,NA,NA,NA,NA,NA,NA,NA,NA,NA,NA,NA,NA,NA,NA,NA,NA,NA,NA,NA,NA,0.35,NA,5,1,0
A42109,1,1,0,0,0,0,0,0,0,0,8.000000,0.037738,255,0.091,0.,0.955051,40,35,2,2,0,0,0.005000,0.05,0.560000,0.15,2.000000,0.383391,0.1,NA,NA,NA,NA,NA,NA,NA,NA,NA,NA,NA,NA,NA,NA,NA,NA,NA,NA,NA,NA,NA,NA,NA,NA,NA,NA,NA,NA,NA,NA,NA,NA,NA,NA,NA,NA,NA,NA,NA,NA,NA,NA,NA,NA,NA,NA,NA,NA,NA,NA,0.35,NA,5,1,0
A42111,1,1,0,0,0,0,0,0,0,0,8.000000,0.055215,253,0.093,0.,0.972115,40,35,2,2,0,0,0.005000,0.05,0.560000,0.15,2.000000,0.494064,0.1,NA,NA,NA,NA,NA,NA,NA,NA,NA,NA,NA,NA,NA,NA,NA,NA,NA,NA,NA,NA,NA,NA,NA,NA,NA,NA,NA,NA,NA,NA,NA,NA,NA,NA,NA,NA,NA,NA,NA,NA,NA,NA,NA,NA,NA,NA,NA,NA,NA,NA,0.35,NA,5,1,0
A42113,1,1,0,0,0,0,0,0,0,0,8.000000,0.076971,242,0.103,0.,0.920000,40,35,2,2,0,0,0.000316,0.05,0.560000,0.15,2.000000,0.444181,0.1,NA,NA,NA,NA,NA,NA,NA,NA,NA,NA,NA,NA,NA,NA,NA,NA,NA,NA,NA,NA,NA,NA,NA,NA,NA,NA,NA,NA,NA,NA,NA,NA,NA,NA,NA,NA,NA,NA,NA,NA,NA,NA,NA,NA,NA,NA,NA,NA,NA,NA,0.35,NA,5,1,0
A42115,1,1,0,0,0,0,0,0,0,0,9.720643,0.040123,229,0.116,0.,0.927611,40,35,2,2,0,0,0.000765,0.05,0.680445,0.15,2.000000,0.498015,0.1,NA,NA,NA,NA,NA,NA,NA,NA,NA,NA,NA,NA,NA,NA,NA,NA,NA,NA,NA,NA,NA,NA,NA,NA,NA,NA,NA,NA,NA,NA,NA,NA,NA,NA,NA,NA,NA,NA,NA,NA,NA,NA,NA,NA,NA,NA,NA,NA,NA,NA,0.35,NA,5,1,0
A42117,1,1,0,0,0,0,0,0,0,0,8.000000,0.041240,232,0.112,0.,0.930526,40,35,2,2,0,0,0.000491,0.05,0.560000,0.15,2.000000,0.427836,0.1,NA,NA,NA,NA,NA,NA,NA,NA,NA,NA,NA,NA,NA,NA,NA,NA,NA,NA,NA,NA,NA,NA,NA,NA,NA,NA,NA,NA,NA,NA,NA,NA,NA,NA,NA,NA,NA,NA,NA,NA,NA,NA,NA,NA,NA,NA,NA,NA,NA,NA,0.35,NA,5,1,0
A42119,1,1,0,0,0,0,0,0,0,0,8.000000,0.064142,288,0.068,0.,0.938408,40,35,2,2,0,0,0.005000,0.05,0.560000,0.15,2.000000,0.300000,0.1,NA,NA,NA,NA,NA,NA,NA,NA,NA,NA,NA,NA,NA,NA,NA,NA,NA,NA,NA,NA,NA,NA,NA,NA,NA,NA,NA,NA,NA,NA,NA,NA,NA,NA,NA,NA,NA,NA,NA,NA,NA,NA,NA,NA,NA,NA,NA,NA,NA,NA,0.35,NA,5,1,0
A42127,1,1,0,0,0,0,0,0,0,0,10.85903,0.062167,259,0.088,0.,0.932219,40,35,2,2,0,0,0.000385,0.05,0.760132,0.15,2.571140,0.747381,0.1,NA,NA,NA,NA,NA,NA,NA,NA,NA,NA,NA,NA,NA,NA,NA,NA,NA,NA,NA,NA,NA,NA,NA,NA,NA,NA,NA,NA,NA,NA,NA,NA,NA,NA,NA,NA,NA,NA,NA,NA,NA,NA,NA,NA,NA,NA,NA,NA,NA,NA,0.35,NA,5,1,0
A42131,1,1,0,0,0,0,0,0,0,0,8.535077,0.025653,228,0.116,0.,0.951352,40,35,2,2,0,0,0.002074,0.05,0.597455,0.15,2.000000,0.342425,0.1,NA,NA,NA,NA,NA,NA,NA,NA,NA,NA,NA,NA,NA,NA,NA,NA,NA,NA,NA,NA,NA,NA,NA,NA,NA,NA,NA,NA,NA,NA,NA,NA,NA,NA,NA,NA,NA,NA,NA,NA,NA,NA,NA,NA,NA,NA,NA,NA,NA,NA,0.35,NA,5,1,0
A42133,1,1,0,0,0,0,0,0,0,0,12.00000,0.038678,278,0.074,0.,0.922151,40,35,2,2,0,0,0.000100,0.05,0.840000,0.15,4.000000,0.362533,0.1,NA,NA,NA,NA,NA,NA,NA,NA,NA,NA,NA,NA,NA,NA,NA,NA,NA,NA,NA,NA,NA,NA,NA,NA,NA,NA,NA,NA,NA,NA,NA,NA,NA,NA,NA,NA,NA,NA,NA,NA,NA,NA,NA,NA,NA,NA,NA,NA,NA,NA,0.35,NA,5,1,0
A47091,1,1,0,0,0,0,0,0,0,0,10.26622,0.080597,207,0.140,0.,0.940759,40,35,2,2,0,0,0.000147,0.05,0.718635,0.15,2.000000,0.443392,0.1,NA,NA,NA,NA,NA,NA,NA,NA,NA,NA,NA,NA,NA,NA,NA,NA,NA,NA,NA,NA,NA,NA,NA,NA,NA,NA,NA,NA,NA,NA,NA,NA,NA,NA,NA,NA,NA,NA,NA,NA,NA,NA,NA,NA,NA,NA,NA,NA,NA,NA,0.35,NA,5,1,0
A47163,1,1,0,0,0,0,0,0,0,0,10.26622,0.080597,228,0.117,0.,0.940759,40,35,2,2,0,0,0.000147,0.05,0.718635,0.15,1.639429,0.443392,0.1,NA,NA,NA,NA,NA,NA,NA,NA,NA,NA,NA,NA,NA,NA,NA,NA,NA,NA,NA,NA,NA,NA,NA,NA,NA,NA,NA,NA,NA,NA,NA,NA,NA,NA,NA,NA,NA,NA,NA,NA,NA,NA,NA,NA,NA,NA,NA,NA,NA,NA,0.35,NA,5,1,0
A51001,1,1,0,0,0,0,0,0,0,0,8.000000,0.031174,545,0.007,0.,0.941834,40,35,2,2,0,0,0.004463,0.05,0.560000,0.15,2.000000,0.467699,0.1,NA,NA,NA,NA,NA,NA,NA,NA,NA,NA,NA,NA,NA,NA,NA,NA,NA,NA,NA,NA,NA,NA,NA,NA,NA,NA,NA,NA,NA,NA,NA,NA,NA,NA,NA,NA,NA,NA,NA,NA,NA,NA,NA,NA,NA,NA,NA,NA,NA,NA,0.35,NA,5,1,0
A51003,1,1,0,0,0,0,0,0,0,0,10.36476,0.045951,279,0.074,0.,0.961283,40,35,2,2,0,0,0.001329,0.05,0.725533,0.15,3.452211,0.300000,0.1,NA,NA,NA,NA,NA,NA,NA,NA,NA,NA,NA,NA,NA,NA,NA,NA,NA,NA,NA,NA,NA,NA,NA,NA,NA,NA,NA,NA,NA,NA,NA,NA,NA,NA,NA,NA,NA,NA,NA,NA,NA,NA,NA,NA,NA,NA,NA,NA,NA,NA,0.35,NA,5,1,0
A51005,1,1,0,0,0,0,0,0,0,0,9.275232,0.031263,239,0.105,0.,0.959204,40,35,2,2,0,0,0.005000,0.05,0.649266,0.15,2.000000,0.342169,0.1,NA,NA,NA,NA,NA,NA,NA,NA,NA,NA,NA,NA,NA,NA,NA,NA,NA,NA,NA,NA,NA,NA,NA,NA,NA,NA,NA,NA,NA,NA,NA,NA,NA,NA,NA,NA,NA,NA,NA,NA,NA,NA,NA,NA,NA,NA,NA,NA,NA,NA,0.35,NA,5,1,0
A51007,1,1,0,0,0,0,0,0,0,0,12.00000,0.014490,324,0.049,0.,0.920000,40,35,2,2,0,0,0.000100,0.05,0.840000,0.15,3.324339,0.341879,0.1,NA,NA,NA,NA,NA,NA,NA,NA,NA,NA,NA,NA,NA,NA,NA,NA,NA,NA,NA,NA,NA,NA,NA,NA,NA,NA,NA,NA,NA,NA,NA,NA,NA,NA,NA,NA,NA,NA,NA,NA,NA,NA,NA,NA,NA,NA,NA,NA,NA,NA,0.35,NA,5,1,0
A51009,1,1,0,0,0,0,0,0,0,0,8.000000,0.079132,249,0.096,0.,0.982141,40,35,2,2,0,0,0.005000,0.05,0.560000,0.15,2.911078,0.334161,0.1,NA,NA,NA,NA,NA,NA,NA,NA,NA,NA,NA,NA,NA,NA,NA,NA,NA,NA,NA,NA,NA,NA,NA,NA,NA,NA,NA,NA,NA,NA,NA,NA,NA,NA,NA,NA,NA,NA,NA,NA,NA,NA,NA,NA,NA,NA,NA,NA,NA,NA,0.35,NA,5,1,0
A51011,1,1,0,0,0,0,0,0,0,0,12.00000,0.023810,284,0.070,0.,0.952061,40,35,2,2,0,0,0.000100,0.05,0.840000,0.15,2.000000,0.300000,0.1,NA,NA,NA,NA,NA,NA,NA,NA,NA,NA,NA,NA,NA,NA,NA,NA,NA,NA,NA,NA,NA,NA,NA,NA,NA,NA,NA,NA,NA,NA,NA,NA,NA,NA,NA,NA,NA,NA,NA,NA,NA,NA,NA,NA,NA,NA,NA,NA,NA,NA,0.35,NA,5,1,0
A51013,1,1,0,0,0,0,0,0,0,0,12.00000,0.016074,284,0.071,0.,0.920000,40,35,2,2,0,0,0.000100,0.05,0.840000,0.15,2.441997,0.317946,0.1,NA,NA,NA,NA,NA,NA,NA,NA,NA,NA,NA,NA,NA,NA,NA,NA,NA,NA,NA,NA,NA,NA,NA,NA,NA,NA,NA,NA,NA,NA,NA,NA,NA,NA,NA,NA,NA,NA,NA,NA,NA,NA,NA,NA,NA,NA,NA,NA,NA,NA,0.35,NA,5,1,0
A51015,1,1,0,0,0,0,0,0,0,0,8.000000,0.080957,269,0.081,0.,0.982276,40,35,2,2,0,0,0.005000,0.05,0.560000,0.15,2.000000,0.433228,0.1,NA,NA,NA,NA,NA,NA,NA,NA,NA,NA,NA,NA,NA,NA,NA,NA,NA,NA,NA,NA,NA,NA,NA,NA,NA,NA,NA,NA,NA,NA,NA,NA,NA,NA,NA,NA,NA,NA,NA,NA,NA,NA,NA,NA,NA,NA,NA,NA,NA,NA,0.35,NA,5,1,0
A51017,1,1,0,0,0,0,0,0,0,0,11.26228,0.019494,245,0.100,0.,0.920000,40,35,2,2,0,0,0.000100,0.05,0.788359,0.15,2.462696,0.355377,0.1,NA,NA,NA,NA,NA,NA,NA,NA,NA,NA,NA,NA,NA,NA,NA,NA,NA,NA,NA,NA,NA,NA,NA,NA,NA,NA,NA,NA,NA,NA,NA,NA,NA,NA,NA,NA,NA,NA,NA,NA,NA,NA,NA,NA,NA,NA,NA,NA,NA,NA,0.35,NA,5,1,0
A51019,1,1,0,0,0,0,0,0,0,0,12.00000,0.029935,232,0.112,0.,0.947242,40,35,2,2,0,0,0.000100,0.05,0.840000,0.15,2.000000,0.323702,0.1,NA,NA,NA,NA,NA,NA,NA,NA,NA,NA,NA,NA,NA,NA,NA,NA,NA,NA,NA,NA,NA,NA,NA,NA,NA,NA,NA,NA,NA,NA,NA,NA,NA,NA,NA,NA,NA,NA,NA,NA,NA,NA,NA,NA,NA,NA,NA,NA,NA,NA,0.35,NA,5,1,0
A51021,1,1,0,0,0,0,0,0,0,0,8.000000,0.051531,207,0.141,0.,0.945470,40,35,2,2,0,0,0.005000,0.05,0.560000,0.15,2.000000,0.317994,0.1,NA,NA,NA,NA,NA,NA,NA,NA,NA,NA,NA,NA,NA,NA,NA,NA,NA,NA,NA,NA,NA,NA,NA,NA,NA,NA,NA,NA,NA,NA,NA,NA,NA,NA,NA,NA,NA,NA,NA,NA,NA,NA,NA,NA,NA,NA,NA,NA,NA,NA,0.35,NA,5,1,0
A51023,1,1,0,0,0,0,0,0,0,0,12.00000,0.026133,246,0.099,0.,0.961406,40,35,2,2,0,0,0.000670,0.05,0.840000,0.15,2.000000,0.511852,0.1,NA,NA,NA,NA,NA,NA,NA,NA,NA,NA,NA,NA,NA,NA,NA,NA,NA,NA,NA,NA,NA,NA,NA,NA,NA,NA,NA,NA,NA,NA,NA,NA,NA,NA,NA,NA,NA,NA,NA,NA,NA,NA,NA,NA,NA,NA,NA,NA,NA,NA,0.35,NA,5,1,0
A51025,1,1,0,0,0,0,0,0,0,0,10.03912,0.014286,341,0.042,0.,0.920000,40,35,2,2,0,0,0.000100,0.05,0.702739,0.15,2.000000,0.300000,0.1,NA,NA,NA,NA,NA,NA,NA,NA,NA,NA,NA,NA,NA,NA,NA,NA,NA,NA,NA,NA,NA,NA,NA,NA,NA,NA,NA,NA,NA,NA,NA,NA,NA,NA,NA,NA,NA,NA,NA,NA,NA,NA,NA,NA,NA,NA,NA,NA,NA,NA,0.35,NA,5,1,0
A51027,1,1,0,0,0,0,0,0,0,0,8.867458,0.043430,115,0.324,0.,0.969381,40,35,2,2,0,0,0.005000,0.05,0.620722,0.15,4.000000,0.414600,0.1,NA,NA,NA,NA,NA,NA,NA,NA,NA,NA,NA,NA,NA,NA,NA,NA,NA,NA,NA,NA,NA,NA,NA,NA,NA,NA,NA,NA,NA,NA,NA,NA,NA,NA,NA,NA,NA,NA,NA,NA,NA,NA,NA,NA,NA,NA,NA,NA,NA,NA,0.35,NA,5,1,0
A51029,1,1,0,0,0,0,0,0,0,0,12.00000,0.017471,304,0.058,0.,0.949276,40,35,2,2,0,0,0.000100,0.05,0.840000,0.15,2.681542,0.300000,0.1,NA,NA,NA,NA,NA,NA,NA,NA,NA,NA,NA,NA,NA,NA,NA,NA,NA,NA,NA,NA,NA,NA,NA,NA,NA,NA,NA,NA,NA,NA,NA,NA,NA,NA,NA,NA,NA,NA,NA,NA,NA,NA,NA,NA,NA,NA,NA,NA,NA,NA,0.35,NA,5,1,0
A51031,1,1,0,0,0,0,0,0,0,0,12.00000,0.021372,290,0.067,0.,0.954238,40,35,2,2,0,0,0.000100,0.05,0.840000,0.15,2.000000,0.324730,0.1,NA,NA,NA,NA,NA,NA,NA,NA,NA,NA,NA,NA,NA,NA,NA,NA,NA,NA,NA,NA,NA,NA,NA,NA,NA,NA,NA,NA,NA,NA,NA,NA,NA,NA,NA,NA,NA,NA,NA,NA,NA,NA,NA,NA,NA,NA,NA,NA,NA,NA,0.35,NA,5,1,0
A51033,1,1,0,0,0,0,0,0,0,0,12.00000,0.027078,354,0.037,0.,0.943123,40,35,2,2,0,0,0.000100,0.05,0.840000,0.15,2.000000,0.309938,0.1,NA,NA,NA,NA,NA,NA,NA,NA,NA,NA,NA,NA,NA,NA,NA,NA,NA,NA,NA,NA,NA,NA,NA,NA,NA,NA,NA,NA,NA,NA,NA,NA,NA,NA,NA,NA,NA,NA,NA,NA,NA,NA,NA,NA,NA,NA,NA,NA,NA,NA,0.35,NA,5,1,0
A51035,1,1,0,0,0,0,0,0,0,0,12.00000,0.072352,213,0.133,0.,0.966458,40,35,2,2,0,0,0.000100,0.05,0.840000,0.15,4.000000,0.300000,0.1,NA,NA,NA,NA,NA,NA,NA,NA,NA,NA,NA,NA,NA,NA,NA,NA,NA,NA,NA,NA,NA,NA,NA,NA,NA,NA,NA,NA,NA,NA,NA,NA,NA,NA,NA,NA,NA,NA,NA,NA,NA,NA,NA,NA,NA,NA,NA,NA,NA,NA,0.35,NA,5,1,0
A51036,1,1,0,0,0,0,0,0,0,0,8.520900,0.025200,385,0.028,0.,0.922007,40,35,2,2,0,0,0.005000,0.05,0.596463,0.15,3.292416,0.850000,0.1,NA,NA,NA,NA,NA,NA,NA,NA,NA,NA,NA,NA,NA,NA,NA,NA,NA,NA,NA,NA,NA,NA,NA,NA,NA,NA,NA,NA,NA,NA,NA,NA,NA,NA,NA,NA,NA,NA,NA,NA,NA,NA,NA,NA,NA,NA,NA,NA,NA,NA,0.35,NA,5,1,0
A51037,1,1,0,0,0,0,0,0,0,0,12.00000,0.021764,310,0.056,0.,0.956664,40,35,2,2,0,0,0.000100,0.05,0.840000,0.15,2.000000,0.300000,0.1,NA,NA,NA,NA,NA,NA,NA,NA,NA,NA,NA,NA,NA,NA,NA,NA,NA,NA,NA,NA,NA,NA,NA,NA,NA,NA,NA,NA,NA,NA,NA,NA,NA,NA,NA,NA,NA,NA,NA,NA,NA,NA,NA,NA,NA,NA,NA,NA,NA,NA,0.35,NA,5,1,0
A51041,1,1,0,0,0,0,0,0,0,0,8.000000,0.027898,363,0.034,0.,0.964000,40,35,2,2,0,0,0.005000,0.05,0.560000,0.15,2.000000,0.403546,0.1,NA,NA,NA,NA,NA,NA,NA,NA,NA,NA,NA,NA,NA,NA,NA,NA,NA,NA,NA,NA,NA,NA,NA,NA,NA,NA,NA,NA,NA,NA,NA,NA,NA,NA,NA,NA,NA,NA,NA,NA,NA,NA,NA,NA,NA,NA,NA,NA,NA,NA,0.35,NA,5,1,0
A51043,1,1,0,0,0,0,0,0,0,0,8.327261,0.032189,340,0.042,0.,0.943631,40,35,2,2,0,0,0.000761,0.05,0.582908,0.15,2.686693,0.300000,0.1,NA,NA,NA,NA,NA,NA,NA,NA,NA,NA,NA,NA,NA,NA,NA,NA,NA,NA,NA,NA,NA,NA,NA,NA,NA,NA,NA,NA,NA,NA,NA,NA,NA,NA,NA,NA,NA,NA,NA,NA,NA,NA,NA,NA,NA,NA,NA,NA,NA,NA,0.35,NA,5,1,0
A51045,1,1,0,0,0,0,0,0,0,0,8.000000,0.055822,241,0.104,0.,0.947941,40,35,2,2,0,0,0.005000,0.05,0.560000,0.15,2.000000,0.433154,0.1,NA,NA,NA,NA,NA,NA,NA,NA,NA,NA,NA,NA,NA,NA,NA,NA,NA,NA,NA,NA,NA,NA,NA,NA,NA,NA,NA,NA,NA,NA,NA,NA,NA,NA,NA,NA,NA,NA,NA,NA,NA,NA,NA,NA,NA,NA,NA,NA,NA,NA,0.35,NA,5,1,0
A51047,1,1,0,0,0,0,0,0,0,0,12.00000,0.048919,313,0.054,0.,0.960531,40,35,2,2,0,0,0.000548,0.05,0.840000,0.15,2.294793,0.300000,0.1,NA,NA,NA,NA,NA,NA,NA,NA,NA,NA,NA,NA,NA,NA,NA,NA,NA,NA,NA,NA,NA,NA,NA,NA,NA,NA,NA,NA,NA,NA,NA,NA,NA,NA,NA,NA,NA,NA,NA,NA,NA,NA,NA,NA,NA,NA,NA,NA,NA,NA,0.35,NA,5,1,0
A51049,1,1,0,0,0,0,0,0,0,0,11.37368,0.019346,324,0.049,0.,0.956157,40,35,2,2,0,0,0.000100,0.05,0.796158,0.15,4.000000,0.300000,0.1,NA,NA,NA,NA,NA,NA,NA,NA,NA,NA,NA,NA,NA,NA,NA,NA,NA,NA,NA,NA,NA,NA,NA,NA,NA,NA,NA,NA,NA,NA,NA,NA,NA,NA,NA,NA,NA,NA,NA,NA,NA,NA,NA,NA,NA,NA,NA,NA,NA,NA,0.35,NA,5,1,0
A51051,1,1,0,0,0,0,0,0,0,0,12.00000,0.021636,143,0.252,0.,0.925117,40,35,2,2,0,0,0.000125,0.05,0.840000,0.15,2.000000,0.372297,0.1,NA,NA,NA,NA,NA,NA,NA,NA,NA,NA,NA,NA,NA,NA,NA,NA,NA,NA,NA,NA,NA,NA,NA,NA,NA,NA,NA,NA,NA,NA,NA,NA,NA,NA,NA,NA,NA,NA,NA,NA,NA,NA,NA,NA,NA,NA,NA,NA,NA,NA,0.35,NA,5,1,0
A51053,1,1,0,0,0,0,0,0,0,0,12.00000,0.014286,364,0.034,0.,0.920000,40,35,2,2,0,0,0.000100,0.05,0.840000,0.15,2.000000,0.371320,0.1,NA,NA,NA,NA,NA,NA,NA,NA,NA,NA,NA,NA,NA,NA,NA,NA,NA,NA,NA,NA,NA,NA,NA,NA,NA,NA,NA,NA,NA,NA,NA,NA,NA,NA,NA,NA,NA,NA,NA,NA,NA,NA,NA,NA,NA,NA,NA,NA,NA,NA,0.35,NA,5,1,0
A51057,1,1,0,0,0,0,0,0,0,0,12.00000,0.050990,377,0.030,0.,0.920000,40,35,2,2,0,0,0.000520,0.05,0.840000,0.15,2.654802,0.300000,0.1,NA,NA,NA,NA,NA,NA,NA,NA,NA,NA,NA,NA,NA,NA,NA,NA,NA,NA,NA,NA,NA,NA,NA,NA,NA,NA,NA,NA,NA,NA,NA,NA,NA,NA,NA,NA,NA,NA,NA,NA,NA,NA,NA,NA,NA,NA,NA,NA,NA,NA,0.35,NA,5,1,0
A51059,1,1,0,0,0,0,0,0,0,0,12.00000,0.016074,314,0.054,0.,0.920000,40,35,2,2,0,0,0.000100,0.05,0.840000,0.15,2.441997,0.317946,0.1,NA,NA,NA,NA,NA,NA,NA,NA,NA,NA,NA,NA,NA,NA,NA,NA,NA,NA,NA,NA,NA,NA,NA,NA,NA,NA,NA,NA,NA,NA,NA,NA,NA,NA,NA,NA,NA,NA,NA,NA,NA,NA,NA,NA,NA,NA,NA,NA,NA,NA,0.35,NA,5,1,0
A51061,1,1,0,0,0,0,0,0,0,0,8.548928,0.022346,302,0.060,0.,0.925194,40,35,2,2,0,0,0.003246,0.05,0.598425,0.15,3.426719,0.300000,0.1,NA,NA,NA,NA,NA,NA,NA,NA,NA,NA,NA,NA,NA,NA,NA,NA,NA,NA,NA,NA,NA,NA,NA,NA,NA,NA,NA,NA,NA,NA,NA,NA,NA,NA,NA,NA,NA,NA,NA,NA,NA,NA,NA,NA,NA,NA,NA,NA,NA,NA,0.35,NA,5,1,0
A51063,1,1,0,0,0,0,0,0,0,0,12.00000,0.066047,218,0.128,0.,0.960856,40,35,2,2,0,0,0.000100,0.05,0.840000,0.15,4.000000,0.300000,0.1,NA,NA,NA,NA,NA,NA,NA,NA,NA,NA,NA,NA,NA,NA,NA,NA,NA,NA,NA,NA,NA,NA,NA,NA,NA,NA,NA,NA,NA,NA,NA,NA,NA,NA,NA,NA,NA,NA,NA,NA,NA,NA,NA,NA,NA,NA,NA,NA,NA,NA,0.35,NA,5,1,0
A51065,1,1,0,0,0,0,0,0,0,0,10.19574,0.028061,300,0.061,0.,0.959302,40,35,2,2,0,0,0.000765,0.05,0.713702,0.15,2.000000,0.358350,0.1,NA,NA,NA,NA,NA,NA,NA,NA,NA,NA,NA,NA,NA,NA,NA,NA,NA,NA,NA,NA,NA,NA,NA,NA,NA,NA,NA,NA,NA,NA,NA,NA,NA,NA,NA,NA,NA,NA,NA,NA,NA,NA,NA,NA,NA,NA,NA,NA,NA,NA,0.35,NA,5,1,0
A51067,1,1,0,0,0,0,0,0,0,0,12.00000,0.034150,253,0.093,0.,0.967322,40,35,2,2,0,0,0.000100,0.05,0.840000,0.15,2.000000,0.300000,0.1,NA,NA,NA,NA,NA,NA,NA,NA,NA,NA,NA,NA,NA,NA,NA,NA,NA,NA,NA,NA,NA,NA,NA,NA,NA,NA,NA,NA,NA,NA,NA,NA,NA,NA,NA,NA,NA,NA,NA,NA,NA,NA,NA,NA,NA,NA,NA,NA,NA,NA,0.35,NA,5,1,0
A51069,1,1,0,0,0,0,0,0,0,0,8.355149,0.027228,301,0.060,0.,0.923282,40,35,2,2,0,0,0.001565,0.05,0.584860,0.15,2.457793,0.300000,0.1,NA,NA,NA,NA,NA,NA,NA,NA,NA,NA,NA,NA,NA,NA,NA,NA,NA,NA,NA,NA,NA,NA,NA,NA,NA,NA,NA,NA,NA,NA,NA,NA,NA,NA,NA,NA,NA,NA,NA,NA,NA,NA,NA,NA,NA,NA,NA,NA,NA,NA,0.35,NA,5,1,0
A51071,1,1,0,0,0,0,0,0,0,0,8.000000,0.068474,193,0.160,0.,0.932417,40,35,2,2,0,0,0.005000,0.05,0.560000,0.15,2.000000,0.552782,0.1,NA,NA,NA,NA,NA,NA,NA,NA,NA,NA,NA,NA,NA,NA,NA,NA,NA,NA,NA,NA,NA,NA,NA,NA,NA,NA,NA,NA,NA,NA,NA,NA,NA,NA,NA,NA,NA,NA,NA,NA,NA,NA,NA,NA,NA,NA,NA,NA,NA,NA,0.35,NA,5,1,0
A51073,1,1,0,0,0,0,0,0,0,0,12.00000,0.050990,422,0.020,0.,0.920000,40,35,2,2,0,0,0.000520,0.05,0.840000,0.15,2.654802,0.300000,0.1,NA,NA,NA,NA,NA,NA,NA,NA,NA,NA,NA,NA,NA,NA,NA,NA,NA,NA,NA,NA,NA,NA,NA,NA,NA,NA,NA,NA,NA,NA,NA,NA,NA,NA,NA,NA,NA,NA,NA,NA,NA,NA,NA,NA,NA,NA,NA,NA,NA,NA,0.35,NA,5,1,0
A51075,1,1,0,0,0,0,0,0,0,0,11.34415,0.019726,307,0.057,0.,0.983097,40,35,2,2,0,0,0.000100,0.05,0.794090,0.15,2.982411,0.300000,0.1,NA,NA,NA,NA,NA,NA,NA,NA,NA,NA,NA,NA,NA,NA,NA,NA,NA,NA,NA,NA,NA,NA,NA,NA,NA,NA,NA,NA,NA,NA,NA,NA,NA,NA,NA,NA,NA,NA,NA,NA,NA,NA,NA,NA,NA,NA,NA,NA,NA,NA,0.35,NA,5,1,0
A51077,1,1,0,0,0,0,0,0,0,0,11.46272,0.090724,206,0.142,0.,0.960700,40,35,2,2,0,0,0.000100,0.05,0.802391,0.15,4.000000,0.349798,0.1,NA,NA,NA,NA,NA,NA,NA,NA,NA,NA,NA,NA,NA,NA,NA,NA,NA,NA,NA,NA,NA,NA,NA,NA,NA,NA,NA,NA,NA,NA,NA,NA,NA,NA,NA,NA,NA,NA,NA,NA,NA,NA,NA,NA,NA,NA,NA,NA,NA,NA,0.35,NA,5,1,0
A51079,1,1,0,0,0,0,0,0,0,0,10.42465,0.040746,282,0.072,0.,0.942134,40,35,2,2,0,0,0.005000,0.05,0.729726,0.15,2.000000,0.300000,0.1,NA,NA,NA,NA,NA,NA,NA,NA,NA,NA,NA,NA,NA,NA,NA,NA,NA,NA,NA,NA,NA,NA,NA,NA,NA,NA,NA,NA,NA,NA,NA,NA,NA,NA,NA,NA,NA,NA,NA,NA,NA,NA,NA,NA,NA,NA,NA,NA,NA,NA,0.35,NA,5,1,0
A51081,1,1,0,0,0,0,0,0,0,0,9.380069,0.014286,405,0.024,0.,0.920000,40,35,2,2,0,0,0.000100,0.05,0.656605,0.15,2.000000,0.300000,0.1,NA,NA,NA,NA,NA,NA,NA,NA,NA,NA,NA,NA,NA,NA,NA,NA,NA,NA,NA,NA,NA,NA,NA,NA,NA,NA,NA,NA,NA,NA,NA,NA,NA,NA,NA,NA,NA,NA,NA,NA,NA,NA,NA,NA,NA,NA,NA,NA,NA,NA,0.35,NA,5,1,0
A51083,1,1,0,0,0,0,0,0,0,0,12.00000,0.015727,313,0.054,0.,0.964419,40,35,2,2,0,0,0.000100,0.05,0.840000,0.15,2.503670,0.335874,0.1,NA,NA,NA,NA,NA,NA,NA,NA,NA,NA,NA,NA,NA,NA,NA,NA,NA,NA,NA,NA,NA,NA,NA,NA,NA,NA,NA,NA,NA,NA,NA,NA,NA,NA,NA,NA,NA,NA,NA,NA,NA,NA,NA,NA,NA,NA,NA,NA,NA,NA,0.35,NA,5,1,0
A51085,1,1,0,0,0,0,0,0,0,0,12.00000,0.021251,351,0.038,0.,0.928956,40,35,2,2,0,0,0.000100,0.05,0.840000,0.15,2.000000,0.366591,0.1,NA,NA,NA,NA,NA,NA,NA,NA,NA,NA,NA,NA,NA,NA,NA,NA,NA,NA,NA,NA,NA,NA,NA,NA,NA,NA,NA,NA,NA,NA,NA,NA,NA,NA,NA,NA,NA,NA,NA,NA,NA,NA,NA,NA,NA,NA,NA,NA,NA,NA,0.35,NA,5,1,0
A51087,1,1,0,0,0,0,0,0,0,0,8.520900,0.025200,382,0.029,0.,0.922007,40,35,2,2,0,0,0.005000,0.05,0.596463,0.15,2.965606,0.850000,0.1,NA,NA,NA,NA,NA,NA,NA,NA,NA,NA,NA,NA,NA,NA,NA,NA,NA,NA,NA,NA,NA,NA,NA,NA,NA,NA,NA,NA,NA,NA,NA,NA,NA,NA,NA,NA,NA,NA,NA,NA,NA,NA,NA,NA,NA,NA,NA,NA,NA,NA,0.35,NA,5,1,0
A51089,1,1,0,0,0,0,0,0,0,0,12.00000,0.030978,257,0.089,0.,0.944472,40,35,2,2,0,0,0.000100,0.05,0.840000,0.15,2.111634,0.377240,0.1,NA,NA,NA,NA,NA,NA,NA,NA,NA,NA,NA,NA,NA,NA,NA,NA,NA,NA,NA,NA,NA,NA,NA,NA,NA,NA,NA,NA,NA,NA,NA,NA,NA,NA,NA,NA,NA,NA,NA,NA,NA,NA,NA,NA,NA,NA,NA,NA,NA,NA,0.35,NA,5,1,0
A51091,1,1,0,0,0,0,0,0,0,0,8.052676,0.024775,212,0.135,0.,0.920000,40,35,2,2,0,0,0.000868,0.05,0.563687,0.15,2.435531,0.416730,0.1,NA,NA,NA,NA,NA,NA,NA,NA,NA,NA,NA,NA,NA,NA,NA,NA,NA,NA,NA,NA,NA,NA,NA,NA,NA,NA,NA,NA,NA,NA,NA,NA,NA,NA,NA,NA,NA,NA,NA,NA,NA,NA,NA,NA,NA,NA,NA,NA,NA,NA,0.35,NA,5,1,0
A51093,1,1,0,0,0,0,0,0,0,0,8.000000,0.125000,461,0.014,0.,0.920000,40,35,2,2,0,0,0.004491,0.05,0.560000,0.15,1.331193,0.650416,0.1,NA,NA,NA,NA,NA,NA,NA,NA,NA,NA,NA,NA,NA,NA,NA,NA,NA,NA,NA,NA,NA,NA,NA,NA,NA,NA,NA,NA,NA,NA,NA,NA,NA,NA,NA,NA,NA,NA,NA,NA,NA,NA,NA,NA,NA,NA,NA,NA,NA,NA,0.35,NA,5,1,0
A51095,1,1,0,0,0,0,0,0,0,0,8.000000,0.068947,362,0.035,0.,0.920000,40,35,2,2,0,0,0.005000,0.05,0.560000,0.15,3.346667,0.565332,0.1,NA,NA,NA,NA,NA,NA,NA,NA,NA,NA,NA,NA,NA,NA,NA,NA,NA,NA,NA,NA,NA,NA,NA,NA,NA,NA,NA,NA,NA,NA,NA,NA,NA,NA,NA,NA,NA,NA,NA,NA,NA,NA,NA,NA,NA,NA,NA,NA,NA,NA,0.35,NA,5,1,0
A51097,1,1,0,0,0,0,0,0,0,0,12.00000,0.037871,349,0.039,0.,0.939875,40,35,2,2,0,0,0.000100,0.05,0.840000,0.15,2.000000,0.375321,0.1,NA,NA,NA,NA,NA,NA,NA,NA,NA,NA,NA,NA,NA,NA,NA,NA,NA,NA,NA,NA,NA,NA,NA,NA,NA,NA,NA,NA,NA,NA,NA,NA,NA,NA,NA,NA,NA,NA,NA,NA,NA,NA,NA,NA,NA,NA,NA,NA,NA,NA,0.35,NA,5,1,0
A51099,1,1,0,0,0,0,0,0,0,0,12.00000,0.050990,343,0.041,0.,0.920000,40,35,2,2,0,0,0.000520,0.05,0.840000,0.15,2.654802,0.300000,0.1,NA,NA,NA,NA,NA,NA,NA,NA,NA,NA,NA,NA,NA,NA,NA,NA,NA,NA,NA,NA,NA,NA,NA,NA,NA,NA,NA,NA,NA,NA,NA,NA,NA,NA,NA,NA,NA,NA,NA,NA,NA,NA,NA,NA,NA,NA,NA,NA,NA,NA,0.35,NA,5,1,0
A51101,1,1,0,0,0,0,0,0,0,0,12.00000,0.030844,376,0.031,0.,0.941252,40,35,2,2,0,0,0.000100,0.05,0.840000,0.15,2.000000,0.360498,0.1,NA,NA,NA,NA,NA,NA,NA,NA,NA,NA,NA,NA,NA,NA,NA,NA,NA,NA,NA,NA,NA,NA,NA,NA,NA,NA,NA,NA,NA,NA,NA,NA,NA,NA,NA,NA,NA,NA,NA,NA,NA,NA,NA,NA,NA,NA,NA,NA,NA,NA,0.35,NA,5,1,0
A51103,1,1,0,0,0,0,0,0,0,0,12.00000,0.034533,425,0.020,0.,0.920000,40,35,2,2,0,0,0.000100,0.05,0.840000,0.15,2.745723,0.381346,0.1,NA,NA,NA,NA,NA,NA,NA,NA,NA,NA,NA,NA,NA,NA,NA,NA,NA,NA,NA,NA,NA,NA,NA,NA,NA,NA,NA,NA,NA,NA,NA,NA,NA,NA,NA,NA,NA,NA,NA,NA,NA,NA,NA,NA,NA,NA,NA,NA,NA,NA,0.35,NA,5,1,0
A51105,1,1,0,0,0,0,0,0,0,0,8.000000,0.045972,225,0.120,0.,0.940816,40,35,2,2,0,0,0.000822,0.05,0.560000,0.15,2.000000,0.395192,0.1,NA,NA,NA,NA,NA,NA,NA,NA,NA,NA,NA,NA,NA,NA,NA,NA,NA,NA,NA,NA,NA,NA,NA,NA,NA,NA,NA,NA,NA,NA,NA,NA,NA,NA,NA,NA,NA,NA,NA,NA,NA,NA,NA,NA,NA,NA,NA,NA,NA,NA,0.35,NA,5,1,0
A51107,1,1,0,0,0,0,0,0,0,0,10.31042,0.033202,306,0.058,0.,0.938581,40,35,2,2,0,0,0.001481,0.05,0.721729,0.15,2.417523,0.300000,0.1,NA,NA,NA,NA,NA,NA,NA,NA,NA,NA,NA,NA,NA,NA,NA,NA,NA,NA,NA,NA,NA,NA,NA,NA,NA,NA,NA,NA,NA,NA,NA,NA,NA,NA,NA,NA,NA,NA,NA,NA,NA,NA,NA,NA,NA,NA,NA,NA,NA,NA,0.35,NA,5,1,0
A51109,1,1,0,0,0,0,0,0,0,0,9.963634,0.014286,318,0.052,0.,0.960773,40,35,2,2,0,0,0.000699,0.05,0.697454,0.15,4.000000,0.300000,0.1,NA,NA,NA,NA,NA,NA,NA,NA,NA,NA,NA,NA,NA,NA,NA,NA,NA,NA,NA,NA,NA,NA,NA,NA,NA,NA,NA,NA,NA,NA,NA,NA,NA,NA,NA,NA,NA,NA,NA,NA,NA,NA,NA,NA,NA,NA,NA,NA,NA,NA,0.35,NA,5,1,0
A51111,1,1,0,0,0,0,0,0,0,0,12.00000,0.014286,330,0.047,0.,0.933021,40,35,2,2,0,0,0.000100,0.05,0.840000,0.15,2.000000,0.300000,0.1,NA,NA,NA,NA,NA,NA,NA,NA,NA,NA,NA,NA,NA,NA,NA,NA,NA,NA,NA,NA,NA,NA,NA,NA,NA,NA,NA,NA,NA,NA,NA,NA,NA,NA,NA,NA,NA,NA,NA,NA,NA,NA,NA,NA,NA,NA,NA,NA,NA,NA,0.35,NA,5,1,0
A51113,1,1,0,0,0,0,0,0,0,0,12.00000,0.074930,279,0.074,0.,0.945846,40,35,2,2,0,0,0.000798,0.05,0.840000,0.15,2.000000,0.315904,0.1,NA,NA,NA,NA,NA,NA,NA,NA,NA,NA,NA,NA,NA,NA,NA,NA,NA,NA,NA,NA,NA,NA,NA,NA,NA,NA,NA,NA,NA,NA,NA,NA,NA,NA,NA,NA,NA,NA,NA,NA,NA,NA,NA,NA,NA,NA,NA,NA,NA,NA,0.35,NA,5,1,0
A51115,1,1,0,0,0,0,0,0,0,0,12.00000,0.050990,479,0.012,0.,0.920000,40,35,2,2,0,0,0.000520,0.05,0.840000,0.15,2.654802,0.300000,0.1,NA,NA,NA,NA,NA,NA,NA,NA,NA,NA,NA,NA,NA,NA,NA,NA,NA,NA,NA,NA,NA,NA,NA,NA,NA,NA,NA,NA,NA,NA,NA,NA,NA,NA,NA,NA,NA,NA,NA,NA,NA,NA,NA,NA,NA,NA,NA,NA,NA,NA,0.35,NA,5,1,0
A51117,1,1,0,0,0,0,0,0,0,0,12.00000,0.014286,328,0.047,0.,0.978831,40,35,2,2,0,0,0.000100,0.05,0.840000,0.15,2.000000,0.300000,0.1,NA,NA,NA,NA,NA,NA,NA,NA,NA,NA,NA,NA,NA,NA,NA,NA,NA,NA,NA,NA,NA,NA,NA,NA,NA,NA,NA,NA,NA,NA,NA,NA,NA,NA,NA,NA,NA,NA,NA,NA,NA,NA,NA,NA,NA,NA,NA,NA,NA,NA,0.35,NA,5,1,0
A51119,1,1,0,0,0,0,0,0,0,0,12.00000,0.050990,422,0.020,0.,0.920000,40,35,2,2,0,0,0.000520,0.05,0.840000,0.15,2.654802,0.300000,0.1,NA,NA,NA,NA,NA,NA,NA,NA,NA,NA,NA,NA,NA,NA,NA,NA,NA,NA,NA,NA,NA,NA,NA,NA,NA,NA,NA,NA,NA,NA,NA,NA,NA,NA,NA,NA,NA,NA,NA,NA,NA,NA,NA,NA,NA,NA,NA,NA,NA,NA,0.35,NA,5,1,0
A51121,1,1,0,0,0,0,0,0,0,0,10.54617,0.038525,239,0.106,0.,0.970237,40,35,2,2,0,0,0.001644,0.05,0.738232,0.15,2.000000,0.473740,0.1,NA,NA,NA,NA,NA,NA,NA,NA,NA,NA,NA,NA,NA,NA,NA,NA,NA,NA,NA,NA,NA,NA,NA,NA,NA,NA,NA,NA,NA,NA,NA,NA,NA,NA,NA,NA,NA,NA,NA,NA,NA,NA,NA,NA,NA,NA,NA,NA,NA,NA,0.35,NA,5,1,0
A51125,1,1,0,0,0,0,0,0,0,0,8.000000,0.116802,259,0.088,0.,0.961460,40,35,2,2,0,0,0.005000,0.05,0.560000,0.15,3.454572,0.493310,0.1,NA,NA,NA,NA,NA,NA,NA,NA,NA,NA,NA,NA,NA,NA,NA,NA,NA,NA,NA,NA,NA,NA,NA,NA,NA,NA,NA,NA,NA,NA,NA,NA,NA,NA,NA,NA,NA,NA,NA,NA,NA,NA,NA,NA,NA,NA,NA,NA,NA,NA,0.35,NA,5,1,0
A51127,1,1,0,0,0,0,0,0,0,0,8.520900,0.025200,365,0.034,0.,0.922007,40,35,2,2,0,0,0.005000,0.05,0.596463,0.15,3.115252,0.850000,0.1,NA,NA,NA,NA,NA,NA,NA,NA,NA,NA,NA,NA,NA,NA,NA,NA,NA,NA,NA,NA,NA,NA,NA,NA,NA,NA,NA,NA,NA,NA,NA,NA,NA,NA,NA,NA,NA,NA,NA,NA,NA,NA,NA,NA,NA,NA,NA,NA,NA,NA,0.35,NA,5,1,0
A51131,1,1,0,0,0,0,0,0,0,0,8.000000,0.031174,539,0.007,0.,0.941834,40,35,2,2,0,0,0.004463,0.05,0.560000,0.15,2.000000,0.467699,0.1,NA,NA,NA,NA,NA,NA,NA,NA,NA,NA,NA,NA,NA,NA,NA,NA,NA,NA,NA,NA,NA,NA,NA,NA,NA,NA,NA,NA,NA,NA,NA,NA,NA,NA,NA,NA,NA,NA,NA,NA,NA,NA,NA,NA,NA,NA,NA,NA,NA,NA,0.35,NA,5,1,0
A51133,1,1,0,0,0,0,0,0,0,0,12.00000,0.034533,420,0.021,0.,0.920000,40,35,2,2,0,0,0.000100,0.05,0.840000,0.15,2.745723,0.381346,0.1,NA,NA,NA,NA,NA,NA,NA,NA,NA,NA,NA,NA,NA,NA,NA,NA,NA,NA,NA,NA,NA,NA,NA,NA,NA,NA,NA,NA,NA,NA,NA,NA,NA,NA,NA,NA,NA,NA,NA,NA,NA,NA,NA,NA,NA,NA,NA,NA,NA,NA,0.35,NA,5,1,0
A51135,1,1,0,0,0,0,0,0,0,0,12.00000,0.019239,315,0.053,0.,0.936871,40,35,2,2,0,0,0.000100,0.05,0.840000,0.15,2.335521,0.303249,0.1,NA,NA,NA,NA,NA,NA,NA,NA,NA,NA,NA,NA,NA,NA,NA,NA,NA,NA,NA,NA,NA,NA,NA,NA,NA,NA,NA,NA,NA,NA,NA,NA,NA,NA,NA,NA,NA,NA,NA,NA,NA,NA,NA,NA,NA,NA,NA,NA,NA,NA,0.35,NA,5,1,0
A51137,1,1,0,0,0,0,0,0,0,0,10.87468,0.025584,297,0.062,0.,0.951452,40,35,2,2,0,0,0.000530,0.05,0.761227,0.15,2.000000,0.300000,0.1,NA,NA,NA,NA,NA,NA,NA,NA,NA,NA,NA,NA,NA,NA,NA,NA,NA,NA,NA,NA,NA,NA,NA,NA,NA,NA,NA,NA,NA,NA,NA,NA,NA,NA,NA,NA,NA,NA,NA,NA,NA,NA,NA,NA,NA,NA,NA,NA,NA,NA,0.35,NA,5,1,0
A51139,1,1,0,0,0,0,0,0,0,0,8.000000,0.056013,307,0.057,0.,0.970715,40,35,2,2,0,0,0.005000,0.05,0.560000,0.15,2.000000,0.364729,0.1,NA,NA,NA,NA,NA,NA,NA,NA,NA,NA,NA,NA,NA,NA,NA,NA,NA,NA,NA,NA,NA,NA,NA,NA,NA,NA,NA,NA,NA,NA,NA,NA,NA,NA,NA,NA,NA,NA,NA,NA,NA,NA,NA,NA,NA,NA,NA,NA,NA,NA,0.35,NA,5,1,0
A51141,1,1,0,0,0,0,0,0,0,0,12.00000,0.070738,246,0.099,0.,0.975412,40,35,2,2,0,0,0.000100,0.05,0.840000,0.15,4.000000,0.340530,0.1,NA,NA,NA,NA,NA,NA,NA,NA,NA,NA,NA,NA,NA,NA,NA,NA,NA,NA,NA,NA,NA,NA,NA,NA,NA,NA,NA,NA,NA,NA,NA,NA,NA,NA,NA,NA,NA,NA,NA,NA,NA,NA,NA,NA,NA,NA,NA,NA,NA,NA,0.35,NA,5,1,0
A51143,1,1,0,0,0,0,0,0,0,0,12.00000,0.023951,304,0.059,0.,0.960902,40,35,2,2,0,0,0.000100,0.05,0.840000,0.15,2.035818,0.300000,0.1,NA,NA,NA,NA,NA,NA,NA,NA,NA,NA,NA,NA,NA,NA,NA,NA,NA,NA,NA,NA,NA,NA,NA,NA,NA,NA,NA,NA,NA,NA,NA,NA,NA,NA,NA,NA,NA,NA,NA,NA,NA,NA,NA,NA,NA,NA,NA,NA,NA,NA,0.35,NA,5,1,0
A51145,1,1,0,0,0,0,0,0,0,0,9.803802,0.019437,320,0.051,0.,0.956363,40,35,2,2,0,0,0.000100,0.05,0.686266,0.15,4.000000,0.300000,0.1,NA,NA,NA,NA,NA,NA,NA,NA,NA,NA,NA,NA,NA,NA,NA,NA,NA,NA,NA,NA,NA,NA,NA,NA,NA,NA,NA,NA,NA,NA,NA,NA,NA,NA,NA,NA,NA,NA,NA,NA,NA,NA,NA,NA,NA,NA,NA,NA,NA,NA,0.35,NA,5,1,0
A51147,1,1,0,0,0,0,0,0,0,0,12.00000,0.019242,299,0.061,0.,0.955938,40,35,2,2,0,0,0.000100,0.05,0.840000,0.15,4.000000,0.300000,0.1,NA,NA,NA,NA,NA,NA,NA,NA,NA,NA,NA,NA,NA,NA,NA,NA,NA,NA,NA,NA,NA,NA,NA,NA,NA,NA,NA,NA,NA,NA,NA,NA,NA,NA,NA,NA,NA,NA,NA,NA,NA,NA,NA,NA,NA,NA,NA,NA,NA,NA,0.35,NA,5,1,0
A51149,1,1,0,0,0,0,0,0,0,0,8.000000,0.061404,397,0.025,0.,0.920000,40,35,2,2,0,0,0.005000,0.05,0.560000,0.15,3.093104,0.551523,0.1,NA,NA,NA,NA,NA,NA,NA,NA,NA,NA,NA,NA,NA,NA,NA,NA,NA,NA,NA,NA,NA,NA,NA,NA,NA,NA,NA,NA,NA,NA,NA,NA,NA,NA,NA,NA,NA,NA,NA,NA,NA,NA,NA,NA,NA,NA,NA,NA,NA,NA,0.35,NA,5,1,0
A51153,1,1,0,0,0,0,0,0,0,0,10.79444,0.014286,359,0.036,0.,0.920000,40,35,2,2,0,0,0.004823,0.05,0.755611,0.15,2.000000,0.300000,0.1,NA,NA,NA,NA,NA,NA,NA,NA,NA,NA,NA,NA,NA,NA,NA,NA,NA,NA,NA,NA,NA,NA,NA,NA,NA,NA,NA,NA,NA,NA,NA,NA,NA,NA,NA,NA,NA,NA,NA,NA,NA,NA,NA,NA,NA,NA,NA,NA,NA,NA,0.35,NA,5,1,0
A51155,1,1,0,0,0,0,0,0,0,0,12.00000,0.056000,241,0.104,0.,0.965465,40,35,2,2,0,0,0.000142,0.05,0.840000,0.15,3.050802,0.300000,0.1,NA,NA,NA,NA,NA,NA,NA,NA,NA,NA,NA,NA,NA,NA,NA,NA,NA,NA,NA,NA,NA,NA,NA,NA,NA,NA,NA,NA,NA,NA,NA,NA,NA,NA,NA,NA,NA,NA,NA,NA,NA,NA,NA,NA,NA,NA,NA,NA,NA,NA,0.35,NA,5,1,0
A51157,1,1,0,0,0,0,0,0,0,0,12.00000,0.060799,262,0.086,0.,0.940538,40,35,2,2,0,0,0.001072,0.05,0.840000,0.15,4.000000,0.300000,0.1,NA,NA,NA,NA,NA,NA,NA,NA,NA,NA,NA,NA,NA,NA,NA,NA,NA,NA,NA,NA,NA,NA,NA,NA,NA,NA,NA,NA,NA,NA,NA,NA,NA,NA,NA,NA,NA,NA,NA,NA,NA,NA,NA,NA,NA,NA,NA,NA,NA,NA,0.35,NA,5,1,0
A51159,1,1,0,0,0,0,0,0,0,0,12.00000,0.034533,390,0.027,0.,0.920000,40,35,2,2,0,0,0.000100,0.05,0.840000,0.15,2.745723,0.381346,0.1,NA,NA,NA,NA,NA,NA,NA,NA,NA,NA,NA,NA,NA,NA,NA,NA,NA,NA,NA,NA,NA,NA,NA,NA,NA,NA,NA,NA,NA,NA,NA,NA,NA,NA,NA,NA,NA,NA,NA,NA,NA,NA,NA,NA,NA,NA,NA,NA,NA,NA,0.35,NA,5,1,0
A51161,1,1,0,0,0,0,0,0,0,0,11.69938,0.031339,230,0.114,0.,0.966227,40,35,2,2,0,0,0.001952,0.05,0.818956,0.15,2.000000,0.534318,0.1,NA,NA,NA,NA,NA,NA,NA,NA,NA,NA,NA,NA,NA,NA,NA,NA,NA,NA,NA,NA,NA,NA,NA,NA,NA,NA,NA,NA,NA,NA,NA,NA,NA,NA,NA,NA,NA,NA,NA,NA,NA,NA,NA,NA,NA,NA,NA,NA,NA,NA,0.35,NA,5,1,0
A51163,1,1,0,0,0,0,0,0,0,0,8.000000,0.051255,228,0.116,0.,0.974087,40,35,2,2,0,0,0.005000,0.05,0.560000,0.15,2.304092,0.446308,0.1,NA,NA,NA,NA,NA,NA,NA,NA,NA,NA,NA,NA,NA,NA,NA,NA,NA,NA,NA,NA,NA,NA,NA,NA,NA,NA,NA,NA,NA,NA,NA,NA,NA,NA,NA,NA,NA,NA,NA,NA,NA,NA,NA,NA,NA,NA,NA,NA,NA,NA,0.35,NA,5,1,0
A51165,1,1,0,0,0,0,0,0,0,0,8.276310,0.057879,279,0.073,0.,0.965826,40,35,2,2,0,0,0.000798,0.05,0.579342,0.15,2.312920,0.461953,0.1,NA,NA,NA,NA,NA,NA,NA,NA,NA,NA,NA,NA,NA,NA,NA,NA,NA,NA,NA,NA,NA,NA,NA,NA,NA,NA,NA,NA,NA,NA,NA,NA,NA,NA,NA,NA,NA,NA,NA,NA,NA,NA,NA,NA,NA,NA,NA,NA,NA,NA,0.35,NA,5,1,0
A51167,1,1,0,0,0,0,0,0,0,0,11.78439,0.030212,180,0.180,0.,0.945770,40,35,2,2,0,0,0.000100,0.05,0.824907,0.15,2.000000,0.409201,0.1,NA,NA,NA,NA,NA,NA,NA,NA,NA,NA,NA,NA,NA,NA,NA,NA,NA,NA,NA,NA,NA,NA,NA,NA,NA,NA,NA,NA,NA,NA,NA,NA,NA,NA,NA,NA,NA,NA,NA,NA,NA,NA,NA,NA,NA,NA,NA,NA,NA,NA,0.35,NA,5,1,0
A51169,1,1,0,0,0,0,0,0,0,0,12.00000,0.024494,191,0.163,0.,0.943590,40,35,2,2,0,0,0.000100,0.05,0.840000,0.15,2.000000,0.438835,0.1,NA,NA,NA,NA,NA,NA,NA,NA,NA,NA,NA,NA,NA,NA,NA,NA,NA,NA,NA,NA,NA,NA,NA,NA,NA,NA,NA,NA,NA,NA,NA,NA,NA,NA,NA,NA,NA,NA,NA,NA,NA,NA,NA,NA,NA,NA,NA,NA,NA,NA,0.35,NA,5,1,0
A51171,1,1,0,0,0,0,0,0,0,0,8.000000,0.042208,292,0.065,0.,0.962223,40,35,2,2,0,0,0.000647,0.05,0.560000,0.15,2.261687,0.320390,0.1,NA,NA,NA,NA,NA,NA,NA,NA,NA,NA,NA,NA,NA,NA,NA,NA,NA,NA,NA,NA,NA,NA,NA,NA,NA,NA,NA,NA,NA,NA,NA,NA,NA,NA,NA,NA,NA,NA,NA,NA,NA,NA,NA,NA,NA,NA,NA,NA,NA,NA,0.35,NA,5,1,0
A51173,1,1,0,0,0,0,0,0,0,0,11.18332,0.056339,209,0.138,0.,0.943748,40,35,2,2,0,0,0.000100,0.05,0.782832,0.15,2.000000,0.327257,0.1,NA,NA,NA,NA,NA,NA,NA,NA,NA,NA,NA,NA,NA,NA,NA,NA,NA,NA,NA,NA,NA,NA,NA,NA,NA,NA,NA,NA,NA,NA,NA,NA,NA,NA,NA,NA,NA,NA,NA,NA,NA,NA,NA,NA,NA,NA,NA,NA,NA,NA,0.35,NA,5,1,0
A51175,1,1,0,0,0,0,0,0,0,0,8.232302,0.093139,434,0.018,0.,0.921149,40,35,2,2,0,0,0.001026,0.05,0.576261,0.15,3.113705,0.551715,0.1,NA,NA,NA,NA,NA,NA,NA,NA,NA,NA,NA,NA,NA,NA,NA,NA,NA,NA,NA,NA,NA,NA,NA,NA,NA,NA,NA,NA,NA,NA,NA,NA,NA,NA,NA,NA,NA,NA,NA,NA,NA,NA,NA,NA,NA,NA,NA,NA,NA,NA,0.35,NA,5,1,0
A51177,1,1,0,0,0,0,0,0,0,0,9.414495,0.015365,329,0.047,0.,0.948354,40,35,2,2,0,0,0.002999,0.05,0.659015,0.15,2.000000,0.300000,0.1,NA,NA,NA,NA,NA,NA,NA,NA,NA,NA,NA,NA,NA,NA,NA,NA,NA,NA,NA,NA,NA,NA,NA,NA,NA,NA,NA,NA,NA,NA,NA,NA,NA,NA,NA,NA,NA,NA,NA,NA,NA,NA,NA,NA,NA,NA,NA,NA,NA,NA,0.35,NA,5,1,0
A51179,1,1,0,0,0,0,0,0,0,0,12.00000,0.015898,325,0.048,0.,0.920000,40,35,2,2,0,0,0.000100,0.05,0.840000,0.15,2.490747,0.318391,0.1,NA,NA,NA,NA,NA,NA,NA,NA,NA,NA,NA,NA,NA,NA,NA,NA,NA,NA,NA,NA,NA,NA,NA,NA,NA,NA,NA,NA,NA,NA,NA,NA,NA,NA,NA,NA,NA,NA,NA,NA,NA,NA,NA,NA,NA,NA,NA,NA,NA,NA,0.35,NA,5,1,0
A51181,1,1,0,0,0,0,0,0,0,0,8.000000,0.068947,370,0.032,0.,0.920000,40,35,2,2,0,0,0.005000,0.05,0.560000,0.15,3.346667,0.565332,0.1,NA,NA,NA,NA,NA,NA,NA,NA,NA,NA,NA,NA,NA,NA,NA,NA,NA,NA,NA,NA,NA,NA,NA,NA,NA,NA,NA,NA,NA,NA,NA,NA,NA,NA,NA,NA,NA,NA,NA,NA,NA,NA,NA,NA,NA,NA,NA,NA,NA,NA,0.35,NA,5,1,0
A51183,1,1,0,0,0,0,0,0,0,0,8.000000,0.052156,409,0.023,0.,0.925323,40,35,2,2,0,0,0.005000,0.05,0.560000,0.15,4.000000,0.464024,0.1,NA,NA,NA,NA,NA,NA,NA,NA,NA,NA,NA,NA,NA,NA,NA,NA,NA,NA,NA,NA,NA,NA,NA,NA,NA,NA,NA,NA,NA,NA,NA,NA,NA,NA,NA,NA,NA,NA,NA,NA,NA,NA,NA,NA,NA,NA,NA,NA,NA,NA,0.35,NA,5,1,0
A51185,1,1,0,0,0,0,0,0,0,0,8.663202,0.038613,195,0.157,0.,0.939129,40,35,2,2,0,0,0.004774,0.05,0.606424,0.15,2.000000,0.390746,0.1,NA,NA,NA,NA,NA,NA,NA,NA,NA,NA,NA,NA,NA,NA,NA,NA,NA,NA,NA,NA,NA,NA,NA,NA,NA,NA,NA,NA,NA,NA,NA,NA,NA,NA,NA,NA,NA,NA,NA,NA,NA,NA,NA,NA,NA,NA,NA,NA,NA,NA,0.35,NA,5,1,0
A51187,1,1,0,0,0,0,0,0,0,0,8.000000,0.040196,289,0.067,0.,0.975285,40,35,2,2,0,0,0.005000,0.05,0.560000,0.15,2.000000,0.349396,0.1,NA,NA,NA,NA,NA,NA,NA,NA,NA,NA,NA,NA,NA,NA,NA,NA,NA,NA,NA,NA,NA,NA,NA,NA,NA,NA,NA,NA,NA,NA,NA,NA,NA,NA,NA,NA,NA,NA,NA,NA,NA,NA,NA,NA,NA,NA,NA,NA,NA,NA,0.35,NA,5,1,0
A51191,1,1,0,0,0,0,0,0,0,0,12.00000,0.072117,220,0.125,0.,0.958890,40,35,2,2,0,0,0.000100,0.05,0.840000,0.15,2.047521,0.300000,0.1,NA,NA,NA,NA,NA,NA,NA,NA,NA,NA,NA,NA,NA,NA,NA,NA,NA,NA,NA,NA,NA,NA,NA,NA,NA,NA,NA,NA,NA,NA,NA,NA,NA,NA,NA,NA,NA,NA,NA,NA,NA,NA,NA,NA,NA,NA,NA,NA,NA,NA,0.35,NA,5,1,0
A51193,1,1,0,0,0,0,0,0,0,0,12.00000,0.034533,392,0.027,0.,0.920000,40,35,2,2,0,0,0.000100,0.05,0.840000,0.15,2.745723,0.381346,0.1,NA,NA,NA,NA,NA,NA,NA,NA,NA,NA,NA,NA,NA,NA,NA,NA,NA,NA,NA,NA,NA,NA,NA,NA,NA,NA,NA,NA,NA,NA,NA,NA,NA,NA,NA,NA,NA,NA,NA,NA,NA,NA,NA,NA,NA,NA,NA,NA,NA,NA,0.35,NA,5,1,0
A51195,1,1,0,0,0,0,0,0,0,0,12.00000,0.044811,167,0.201,0.,0.928359,40,35,2,2,0,0,0.000100,0.05,0.840000,0.15,2.000000,0.332188,0.1,NA,NA,NA,NA,NA,NA,NA,NA,NA,NA,NA,NA,NA,NA,NA,NA,NA,NA,NA,NA,NA,NA,NA,NA,NA,NA,NA,NA,NA,NA,NA,NA,NA,NA,NA,NA,NA,NA,NA,NA,NA,NA,NA,NA,NA,NA,NA,NA,NA,NA,0.35,NA,5,1,0
A51197,1,1,0,0,0,0,0,0,0,0,8.364684,0.067090,233,0.111,0.,0.963790,40,35,2,2,0,0,0.000819,0.05,0.585528,0.15,4.000000,0.338674,0.1,NA,NA,NA,NA,NA,NA,NA,NA,NA,NA,NA,NA,NA,NA,NA,NA,NA,NA,NA,NA,NA,NA,NA,NA,NA,NA,NA,NA,NA,NA,NA,NA,NA,NA,NA,NA,NA,NA,NA,NA,NA,NA,NA,NA,NA,NA,NA,NA,NA,NA,0.35,NA,5,1,0
A51199,1,1,0,0,0,0,0,0,0,0,8.000000,0.068947,416,0.021,0.,0.920000,40,35,2,2,0,0,0.005000,0.05,0.560000,0.15,3.346667,0.565332,0.1,NA,NA,NA,NA,NA,NA,NA,NA,NA,NA,NA,NA,NA,NA,NA,NA,NA,NA,NA,NA,NA,NA,NA,NA,NA,NA,NA,NA,NA,NA,NA,NA,NA,NA,NA,NA,NA,NA,NA,NA,NA,NA,NA,NA,NA,NA,NA,NA,NA,NA,0.35,NA,5,1,0
A51510,1,1,0,0,0,0,0,0,0,0,12.00000,0.059537,700,0.001,0.,0.924262,40,35,2,2,0,0,0.000100,0.05,0.840000,0.15,1.561893,0.673684,0.1,NA,NA,NA,NA,NA,NA,NA,NA,NA,NA,NA,NA,NA,NA,NA,NA,NA,NA,NA,NA,NA,NA,NA,NA,NA,NA,NA,NA,NA,NA,NA,NA,NA,NA,NA,NA,NA,NA,NA,NA,NA,NA,NA,NA,NA,NA,NA,NA,NA,NA,0.35,NA,5,1,0
A51515,1,1,0,0,0,0,0,0,0,0,9.840953,0.037725,271,0.079,0.,0.959670,40,35,2,2,0,0,0.000100,0.05,0.688867,0.15,2.000000,0.413388,0.1,NA,NA,NA,NA,NA,NA,NA,NA,NA,NA,NA,NA,NA,NA,NA,NA,NA,NA,NA,NA,NA,NA,NA,NA,NA,NA,NA,NA,NA,NA,NA,NA,NA,NA,NA,NA,NA,NA,NA,NA,NA,NA,NA,NA,NA,NA,NA,NA,NA,NA,0.35,NA,5,1,0
A51520,1,1,0,0,0,0,0,0,0,0,12.00000,0.072117,240,0.105,0.,0.958890,40,35,2,2,0,0,0.000100,0.05,0.840000,0.15,2.047521,0.300000,0.1,NA,NA,NA,NA,NA,NA,NA,NA,NA,NA,NA,NA,NA,NA,NA,NA,NA,NA,NA,NA,NA,NA,NA,NA,NA,NA,NA,NA,NA,NA,NA,NA,NA,NA,NA,NA,NA,NA,NA,NA,NA,NA,NA,NA,NA,NA,NA,NA,NA,NA,0.35,NA,5,1,0
A51530,1,1,0,0,0,0,0,0,0,0,12.00000,0.031528,255,0.092,0.,0.992873,40,35,2,2,0,0,0.000100,0.05,0.840000,0.15,2.000000,0.513469,0.1,NA,NA,NA,NA,NA,NA,NA,NA,NA,NA,NA,NA,NA,NA,NA,NA,NA,NA,NA,NA,NA,NA,NA,NA,NA,NA,NA,NA,NA,NA,NA,NA,NA,NA,NA,NA,NA,NA,NA,NA,NA,NA,NA,NA,NA,NA,NA,NA,NA,NA,0.35,NA,5,1,0
A51540,1,1,0,0,0,0,0,0,0,0,10.07919,0.024499,269,0.081,0.,0.945322,40,35,2,2,0,0,0.002058,0.05,0.705543,0.15,2.000000,0.350341,0.1,NA,NA,NA,NA,NA,NA,NA,NA,NA,NA,NA,NA,NA,NA,NA,NA,NA,NA,NA,NA,NA,NA,NA,NA,NA,NA,NA,NA,NA,NA,NA,NA,NA,NA,NA,NA,NA,NA,NA,NA,NA,NA,NA,NA,NA,NA,NA,NA,NA,NA,0.35,NA,5,1,0
A51550,1,1,0,0,0,0,0,0,0,0,8.000000,0.068947,669,0.002,0.,0.920000,40,35,2,2,0,0,0.005000,0.05,0.560000,0.15,3.346667,0.565332,0.1,NA,NA,NA,NA,NA,NA,NA,NA,NA,NA,NA,NA,NA,NA,NA,NA,NA,NA,NA,NA,NA,NA,NA,NA,NA,NA,NA,NA,NA,NA,NA,NA,NA,NA,NA,NA,NA,NA,NA,NA,NA,NA,NA,NA,NA,NA,NA,NA,NA,NA,0.35,NA,5,1,0
A51570,1,1,0,0,0,0,0,0,0,0,8.000000,0.068947,430,0.019,0.,0.920000,40,35,2,2,0,0,0.005000,0.05,0.560000,0.15,3.346667,0.565332,0.1,NA,NA,NA,NA,NA,NA,NA,NA,NA,NA,NA,NA,NA,NA,NA,NA,NA,NA,NA,NA,NA,NA,NA,NA,NA,NA,NA,NA,NA,NA,NA,NA,NA,NA,NA,NA,NA,NA,NA,NA,NA,NA,NA,NA,NA,NA,NA,NA,NA,NA,0.35,NA,5,1,0
A51580,1,1,0,0,0,0,0,0,0,0,12.00000,0.026691,248,0.097,0.,0.995000,40,35,2,2,0,0,0.000100,0.05,0.840000,0.15,2.000000,0.516443,0.1,NA,NA,NA,NA,NA,NA,NA,NA,NA,NA,NA,NA,NA,NA,NA,NA,NA,NA,NA,NA,NA,NA,NA,NA,NA,NA,NA,NA,NA,NA,NA,NA,NA,NA,NA,NA,NA,NA,NA,NA,NA,NA,NA,NA,NA,NA,NA,NA,NA,NA,0.35,NA,5,1,0
A51590,1,1,0,0,0,0,0,0,0,0,12.00000,0.017682,297,0.062,0.,0.969930,40,35,2,2,0,0,0.000100,0.05,0.840000,0.15,2.009524,0.509338,0.1,NA,NA,NA,NA,NA,NA,NA,NA,NA,NA,NA,NA,NA,NA,NA,NA,NA,NA,NA,NA,NA,NA,NA,NA,NA,NA,NA,NA,NA,NA,NA,NA,NA,NA,NA,NA,NA,NA,NA,NA,NA,NA,NA,NA,NA,NA,NA,NA,NA,NA,0.35,NA,5,1,0
A51595,1,1,0,0,0,0,0,0,0,0,12.00000,0.014286,406,0.023,0.,0.956426,40,35,2,2,0,0,0.000100,0.05,0.840000,0.15,2.000000,0.300000,0.1,NA,NA,NA,NA,NA,NA,NA,NA,NA,NA,NA,NA,NA,NA,NA,NA,NA,NA,NA,NA,NA,NA,NA,NA,NA,NA,NA,NA,NA,NA,NA,NA,NA,NA,NA,NA,NA,NA,NA,NA,NA,NA,NA,NA,NA,NA,NA,NA,NA,NA,0.35,NA,5,1,0
A51600,1,1,0,0,0,0,0,0,0,0,12.00000,0.014286,289,0.067,0.,0.920000,40,35,2,2,0,0,0.000100,0.05,0.840000,0.15,2.000000,0.300000,0.1,NA,NA,NA,NA,NA,NA,NA,NA,NA,NA,NA,NA,NA,NA,NA,NA,NA,NA,NA,NA,NA,NA,NA,NA,NA,NA,NA,NA,NA,NA,NA,NA,NA,NA,NA,NA,NA,NA,NA,NA,NA,NA,NA,NA,NA,NA,NA,NA,NA,NA,0.35,NA,5,1,0
A51610,1,1,0,0,0,0,0,0,0,0,12.00000,0.059537,363,0.034,0.,0.924262,40,35,2,2,0,0,0.000100,0.05,0.840000,0.15,2.270091,0.673684,0.1,NA,NA,NA,NA,NA,NA,NA,NA,NA,NA,NA,NA,NA,NA,NA,NA,NA,NA,NA,NA,NA,NA,NA,NA,NA,NA,NA,NA,NA,NA,NA,NA,NA,NA,NA,NA,NA,NA,NA,NA,NA,NA,NA,NA,NA,NA,NA,NA,NA,NA,0.35,NA,5,1,0
A51620,1,1,0,0,0,0,0,0,0,0,8.232302,0.093139,424,0.020,0.,0.921149,40,35,2,2,0,0,0.001026,0.05,0.576261,0.15,3.113705,0.551715,0.1,NA,NA,NA,NA,NA,NA,NA,NA,NA,NA,NA,NA,NA,NA,NA,NA,NA,NA,NA,NA,NA,NA,NA,NA,NA,NA,NA,NA,NA,NA,NA,NA,NA,NA,NA,NA,NA,NA,NA,NA,NA,NA,NA,NA,NA,NA,NA,NA,NA,NA,0.35,NA,5,1,0
A51630,1,1,0,0,0,0,0,0,0,0,11.64507,0.023075,350,0.039,0.,0.969334,40,35,2,2,0,0,0.000345,0.05,0.815155,0.15,2.000000,0.300000,0.1,NA,NA,NA,NA,NA,NA,NA,NA,NA,NA,NA,NA,NA,NA,NA,NA,NA,NA,NA,NA,NA,NA,NA,NA,NA,NA,NA,NA,NA,NA,NA,NA,NA,NA,NA,NA,NA,NA,NA,NA,NA,NA,NA,NA,NA,NA,NA,NA,NA,NA,0.35,NA,5,1,0
A51640,1,1,0,0,0,0,0,0,0,0,11.30335,0.065165,223,0.122,0.,0.960135,40,35,2,2,0,0,0.000100,0.05,0.791235,0.15,4.000000,0.469449,0.1,NA,NA,NA,NA,NA,NA,NA,NA,NA,NA,NA,NA,NA,NA,NA,NA,NA,NA,NA,NA,NA,NA,NA,NA,NA,NA,NA,NA,NA,NA,NA,NA,NA,NA,NA,NA,NA,NA,NA,NA,NA,NA,NA,NA,NA,NA,NA,NA,NA,NA,0.35,NA,5,1,0
A51650,1,1,0,0,0,0,0,0,0,0,8.000000,0.068947,516,0.009,0.,0.920000,40,35,2,2,0,0,0.005000,0.05,0.560000,0.15,3.346667,0.565332,0.1,NA,NA,NA,NA,NA,NA,NA,NA,NA,NA,NA,NA,NA,NA,NA,NA,NA,NA,NA,NA,NA,NA,NA,NA,NA,NA,NA,NA,NA,NA,NA,NA,NA,NA,NA,NA,NA,NA,NA,NA,NA,NA,NA,NA,NA,NA,NA,NA,NA,NA,0.35,NA,5,1,0
A51660,1,1,0,0,0,0,0,0,0,0,11.71334,0.111517,292,0.065,0.,0.988425,40,35,2,2,0,0,0.000100,0.05,0.819934,0.15,2.267845,0.726142,0.1,NA,NA,NA,NA,NA,NA,NA,NA,NA,NA,NA,NA,NA,NA,NA,NA,NA,NA,NA,NA,NA,NA,NA,NA,NA,NA,NA,NA,NA,NA,NA,NA,NA,NA,NA,NA,NA,NA,NA,NA,NA,NA,NA,NA,NA,NA,NA,NA,NA,NA,0.35,NA,5,1,0
A51670,1,1,0,0,0,0,0,0,0,0,8.000000,0.068947,316,0.053,0.,0.920000,40,35,2,2,0,0,0.005000,0.05,0.560000,0.15,3.346667,0.565332,0.1,NA,NA,NA,NA,NA,NA,NA,NA,NA,NA,NA,NA,NA,NA,NA,NA,NA,NA,NA,NA,NA,NA,NA,NA,NA,NA,NA,NA,NA,NA,NA,NA,NA,NA,NA,NA,NA,NA,NA,NA,NA,NA,NA,NA,NA,NA,NA,NA,NA,NA,0.35,NA,5,1,0
A51678,1,1,0,0,0,0,0,0,0,0,9.348121,0.067267,245,0.100,0.,0.982950,40,35,2,2,0,0,0.001662,0.05,0.654368,0.15,3.385082,0.421212,0.1,NA,NA,NA,NA,NA,NA,NA,NA,NA,NA,NA,NA,NA,NA,NA,NA,NA,NA,NA,NA,NA,NA,NA,NA,NA,NA,NA,NA,NA,NA,NA,NA,NA,NA,NA,NA,NA,NA,NA,NA,NA,NA,NA,NA,NA,NA,NA,NA,NA,NA,0.35,NA,5,1,0
A51680,1,1,0,0,0,0,0,0,0,0,12.00000,0.031364,259,0.088,0.,0.981292,40,35,2,2,0,0,0.000100,0.05,0.840000,0.15,2.000000,0.483774,0.1,NA,NA,NA,NA,NA,NA,NA,NA,NA,NA,NA,NA,NA,NA,NA,NA,NA,NA,NA,NA,NA,NA,NA,NA,NA,NA,NA,NA,NA,NA,NA,NA,NA,NA,NA,NA,NA,NA,NA,NA,NA,NA,NA,NA,NA,NA,NA,NA,NA,NA,0.35,NA,5,1,0
A51683,1,1,0,0,0,0,0,0,0,0,12.00000,0.016074,427,0.019,0.,0.920000,40,35,2,2,0,0,0.000100,0.05,0.840000,0.15,2.441997,0.317946,0.1,NA,NA,NA,NA,NA,NA,NA,NA,NA,NA,NA,NA,NA,NA,NA,NA,NA,NA,NA,NA,NA,NA,NA,NA,NA,NA,NA,NA,NA,NA,NA,NA,NA,NA,NA,NA,NA,NA,NA,NA,NA,NA,NA,NA,NA,NA,NA,NA,NA,NA,0.35,NA,5,1,0
A51685,1,1,0,0,0,0,0,0,0,0,12.00000,0.016074,339,0.043,0.,0.920000,40,35,2,2,0,0,0.000100,0.05,0.840000,0.15,2.441997,0.317946,0.1,NA,NA,NA,NA,NA,NA,NA,NA,NA,NA,NA,NA,NA,NA,NA,NA,NA,NA,NA,NA,NA,NA,NA,NA,NA,NA,NA,NA,NA,NA,NA,NA,NA,NA,NA,NA,NA,NA,NA,NA,NA,NA,NA,NA,NA,NA,NA,NA,NA,NA,0.35,NA,5,1,0
A51690,1,1,0,0,0,0,0,0,0,0,12.00000,0.023278,258,0.089,0.,0.926351,40,35,2,2,0,0,0.000100,0.05,0.840000,0.15,2.261352,0.559542,0.1,NA,NA,NA,NA,NA,NA,NA,NA,NA,NA,NA,NA,NA,NA,NA,NA,NA,NA,NA,NA,NA,NA,NA,NA,NA,NA,NA,NA,NA,NA,NA,NA,NA,NA,NA,NA,NA,NA,NA,NA,NA,NA,NA,NA,NA,NA,NA,NA,NA,NA,0.35,NA,5,1,0
A51700,1,1,0,0,0,0,0,0,0,0,8.000000,0.068947,464,0.014,0.,0.920000,40,35,2,2,0,0,0.005000,0.05,0.560000,0.15,3.346667,0.565332,0.1,NA,NA,NA,NA,NA,NA,NA,NA,NA,NA,NA,NA,NA,NA,NA,NA,NA,NA,NA,NA,NA,NA,NA,NA,NA,NA,NA,NA,NA,NA,NA,NA,NA,NA,NA,NA,NA,NA,NA,NA,NA,NA,NA,NA,NA,NA,NA,NA,NA,NA,0.35,NA,5,1,0
A51710,1,1,0,0,0,0,0,0,0,0,8.000000,0.068947,374,0.031,0.,0.920000,40,35,2,2,0,0,0.005000,0.05,0.560000,0.15,3.346667,0.565332,0.1,NA,NA,NA,NA,NA,NA,NA,NA,NA,NA,NA,NA,NA,NA,NA,NA,NA,NA,NA,NA,NA,NA,NA,NA,NA,NA,NA,NA,NA,NA,NA,NA,NA,NA,NA,NA,NA,NA,NA,NA,NA,NA,NA,NA,NA,NA,NA,NA,NA,NA,0.35,NA,5,1,0
A51720,1,1,0,0,0,0,0,0,0,0,9.357834,0.039411,159,0.217,0.,0.941511,40,35,2,2,0,0,0.000154,0.05,0.655048,0.15,2.000000,0.405787,0.1,NA,NA,NA,NA,NA,NA,NA,NA,NA,NA,NA,NA,NA,NA,NA,NA,NA,NA,NA,NA,NA,NA,NA,NA,NA,NA,NA,NA,NA,NA,NA,NA,NA,NA,NA,NA,NA,NA,NA,NA,NA,NA,NA,NA,NA,NA,NA,NA,NA,NA,0.35,NA,5,1,0
A51730,1,1,0,0,0,0,0,0,0,0,8.000000,0.061404,465,0.014,0.,0.920000,40,35,2,2,0,0,0.005000,0.05,0.560000,0.15,3.705333,0.551523,0.1,NA,NA,NA,NA,NA,NA,NA,NA,NA,NA,NA,NA,NA,NA,NA,NA,NA,NA,NA,NA,NA,NA,NA,NA,NA,NA,NA,NA,NA,NA,NA,NA,NA,NA,NA,NA,NA,NA,NA,NA,NA,NA,NA,NA,NA,NA,NA,NA,NA,NA,0.35,NA,5,1,0
A51735,1,1,0,0,0,0,0,0,0,0,8.000000,0.068947,598,0.004,0.,0.920000,40,35,2,2,0,0,0.005000,0.05,0.560000,0.15,3.346667,0.565332,0.1,NA,NA,NA,NA,NA,NA,NA,NA,NA,NA,NA,NA,NA,NA,NA,NA,NA,NA,NA,NA,NA,NA,NA,NA,NA,NA,NA,NA,NA,NA,NA,NA,NA,NA,NA,NA,NA,NA,NA,NA,NA,NA,NA,NA,NA,NA,NA,NA,NA,NA,0.35,NA,5,1,0
A51740,1,1,0,0,0,0,0,0,0,0,8.000000,0.068947,534,0.007,0.,0.920000,40,35,2,2,0,0,0.005000,0.05,0.560000,0.15,3.346667,0.565332,0.1,NA,NA,NA,NA,NA,NA,NA,NA,NA,NA,NA,NA,NA,NA,NA,NA,NA,NA,NA,NA,NA,NA,NA,NA,NA,NA,NA,NA,NA,NA,NA,NA,NA,NA,NA,NA,NA,NA,NA,NA,NA,NA,NA,NA,NA,NA,NA,NA,NA,NA,0.35,NA,5,1,0
A51750,1,1,0,0,0,0,0,0,0,0,10.54617,0.038525,249,0.096,0.,0.970237,40,35,2,2,0,0,0.001644,0.05,0.738232,0.15,2.000000,0.473740,0.1,NA,NA,NA,NA,NA,NA,NA,NA,NA,NA,NA,NA,NA,NA,NA,NA,NA,NA,NA,NA,NA,NA,NA,NA,NA,NA,NA,NA,NA,NA,NA,NA,NA,NA,NA,NA,NA,NA,NA,NA,NA,NA,NA,NA,NA,NA,NA,NA,NA,NA,0.35,NA,5,1,0
A51760,1,1,0,0,0,0,0,0,0,0,8.520900,0.025200,314,0.054,0.,0.922007,40,35,2,2,0,0,0.005000,0.05,0.596463,0.15,3.292416,0.850000,0.1,NA,NA,NA,NA,NA,NA,NA,NA,NA,NA,NA,NA,NA,NA,NA,NA,NA,NA,NA,NA,NA,NA,NA,NA,NA,NA,NA,NA,NA,NA,NA,NA,NA,NA,NA,NA,NA,NA,NA,NA,NA,NA,NA,NA,NA,NA,NA,NA,NA,NA,0.35,NA,5,1,0
A51770,1,1,0,0,0,0,0,0,0,0,12.00000,0.062036,258,0.089,0.,0.995000,40,35,2,2,0,0,0.000100,0.05,0.840000,0.15,2.000000,0.633060,0.1,NA,NA,NA,NA,NA,NA,NA,NA,NA,NA,NA,NA,NA,NA,NA,NA,NA,NA,NA,NA,NA,NA,NA,NA,NA,NA,NA,NA,NA,NA,NA,NA,NA,NA,NA,NA,NA,NA,NA,NA,NA,NA,NA,NA,NA,NA,NA,NA,NA,NA,0.35,NA,5,1,0
A51775,1,1,0,0,0,0,0,0,0,0,12.00000,0.061116,252,0.094,0.,0.995000,40,35,2,2,0,0,0.000100,0.05,0.840000,0.15,2.000000,0.664926,0.1,NA,NA,NA,NA,NA,NA,NA,NA,NA,NA,NA,NA,NA,NA,NA,NA,NA,NA,NA,NA,NA,NA,NA,NA,NA,NA,NA,NA,NA,NA,NA,NA,NA,NA,NA,NA,NA,NA,NA,NA,NA,NA,NA,NA,NA,NA,NA,NA,NA,NA,0.35,NA,5,1,0
A51790,1,1,0,0,0,0,0,0,0,0,8.000000,0.068488,256,0.090,0.,0.992927,40,35,2,2,0,0,0.005000,0.05,0.560000,0.15,2.000000,0.300000,0.1,NA,NA,NA,NA,NA,NA,NA,NA,NA,NA,NA,NA,NA,NA,NA,NA,NA,NA,NA,NA,NA,NA,NA,NA,NA,NA,NA,NA,NA,NA,NA,NA,NA,NA,NA,NA,NA,NA,NA,NA,NA,NA,NA,NA,NA,NA,NA,NA,NA,NA,0.35,NA,5,1,0
A51800,1,1,0,0,0,0,0,0,0,0,8.000000,0.014286,467,0.013,0.,0.920000,40,35,2,2,0,0,0.005000,0.05,0.560000,0.15,2.000000,0.420086,0.1,NA,NA,NA,NA,NA,NA,NA,NA,NA,NA,NA,NA,NA,NA,NA,NA,NA,NA,NA,NA,NA,NA,NA,NA,NA,NA,NA,NA,NA,NA,NA,NA,NA,NA,NA,NA,NA,NA,NA,NA,NA,NA,NA,NA,NA,NA,NA,NA,NA,NA,0.35,NA,5,1,0
A51810,1,1,0,0,0,0,0,0,0,0,8.000000,0.068947,622,0.003,0.,0.920000,40,35,2,2,0,0,0.005000,0.05,0.560000,0.15,3.346667,0.565332,0.1,NA,NA,NA,NA,NA,NA,NA,NA,NA,NA,NA,NA,NA,NA,NA,NA,NA,NA,NA,NA,NA,NA,NA,NA,NA,NA,NA,NA,NA,NA,NA,NA,NA,NA,NA,NA,NA,NA,NA,NA,NA,NA,NA,NA,NA,NA,NA,NA,NA,NA,0.35,NA,5,1,0
A51820,1,1,0,0,0,0,0,0,0,0,8.000000,0.088776,323,0.049,0.,0.980268,40,35,2,2,0,0,0.005000,0.05,0.560000,0.15,2.000000,0.615512,0.1,NA,NA,NA,NA,NA,NA,NA,NA,NA,NA,NA,NA,NA,NA,NA,NA,NA,NA,NA,NA,NA,NA,NA,NA,NA,NA,NA,NA,NA,NA,NA,NA,NA,NA,NA,NA,NA,NA,NA,NA,NA,NA,NA,NA,NA,NA,NA,NA,NA,NA,0.35,NA,5,1,0
A51830,1,1,0,0,0,0,0,0,0,0,8.000000,0.068947,364,0.034,0.,0.920000,40,35,2,2,0,0,0.005000,0.05,0.560000,0.15,3.346667,0.565332,0.1,NA,NA,NA,NA,NA,NA,NA,NA,NA,NA,NA,NA,NA,NA,NA,NA,NA,NA,NA,NA,NA,NA,NA,NA,NA,NA,NA,NA,NA,NA,NA,NA,NA,NA,NA,NA,NA,NA,NA,NA,NA,NA,NA,NA,NA,NA,NA,NA,NA,NA,0.35,NA,5,1,0
A51840,1,1,0,0,0,0,0,0,0,0,8.438838,0.036184,292,0.065,0.,0.941092,40,35,2,2,0,0,0.000598,0.05,0.590719,0.15,2.814242,0.300000,0.1,NA,NA,NA,NA,NA,NA,NA,NA,NA,NA,NA,NA,NA,NA,NA,NA,NA,NA,NA,NA,NA,NA,NA,NA,NA,NA,NA,NA,NA,NA,NA,NA,NA,NA,NA,NA,NA,NA,NA,NA,NA,NA,NA,NA,NA,NA,NA,NA,NA,NA,0.35,NA,5,1,0
A54003,1,1,0,0,0,0,0,0,0,0,8.600780,0.057335,312,0.055,0.,0.981181,40,35,2,2,0,0,0.000896,0.05,0.602055,0.15,2.611761,0.329728,0.1,NA,NA,NA,NA,NA,NA,NA,NA,NA,NA,NA,NA,NA,NA,NA,NA,NA,NA,NA,NA,NA,NA,NA,NA,NA,NA,NA,NA,NA,NA,NA,NA,NA,NA,NA,NA,NA,NA,NA,NA,NA,NA,NA,NA,NA,NA,NA,NA,NA,NA,0.35,NA,5,1,0
A54023,1,1,0,0,0,0,0,0,0,0,9.726198,0.052283,216,0.130,0.,0.920000,40,35,2,2,0,0,0.000342,0.05,0.680834,0.15,2.042463,0.509808,0.1,NA,NA,NA,NA,NA,NA,NA,NA,NA,NA,NA,NA,NA,NA,NA,NA,NA,NA,NA,NA,NA,NA,NA,NA,NA,NA,NA,NA,NA,NA,NA,NA,NA,NA,NA,NA,NA,NA,NA,NA,NA,NA,NA,NA,NA,NA,NA,NA,NA,NA,0.35,NA,5,1,0
A54027,1,1,0,0,0,0,0,0,0,0,9.044648,0.027838,253,0.093,0.,0.949065,40,35,2,2,0,0,0.002550,0.05,0.633125,0.15,2.000000,0.300000,0.1,NA,NA,NA,NA,NA,NA,NA,NA,NA,NA,NA,NA,NA,NA,NA,NA,NA,NA,NA,NA,NA,NA,NA,NA,NA,NA,NA,NA,NA,NA,NA,NA,NA,NA,NA,NA,NA,NA,NA,NA,NA,NA,NA,NA,NA,NA,NA,NA,NA,NA,0.35,NA,5,1,0
A54031,1,1,0,0,0,0,0,0,0,0,8.975876,0.024441,241,0.103,0.,0.961351,40,35,2,2,0,0,0.002047,0.05,0.628311,0.15,2.000000,0.300000,0.1,NA,NA,NA,NA,NA,NA,NA,NA,NA,NA,NA,NA,NA,NA,NA,NA,NA,NA,NA,NA,NA,NA,NA,NA,NA,NA,NA,NA,NA,NA,NA,NA,NA,NA,NA,NA,NA,NA,NA,NA,NA,NA,NA,NA,NA,NA,NA,NA,NA,NA,0.35,NA,5,1,0
A54037,1,1,0,0,0,0,0,0,0,0,8.141704,0.059191,333,0.045,0.,0.993713,40,35,2,2,0,0,0.001158,0.05,0.569919,0.15,2.490225,0.336948,0.1,NA,NA,NA,NA,NA,NA,NA,NA,NA,NA,NA,NA,NA,NA,NA,NA,NA,NA,NA,NA,NA,NA,NA,NA,NA,NA,NA,NA,NA,NA,NA,NA,NA,NA,NA,NA,NA,NA,NA,NA,NA,NA,NA,NA,NA,NA,NA,NA,NA,NA,0.35,NA,5,1,0
A54057,1,1,0,0,0,0,0,0,0,0,8.000000,0.040071,235,0.109,0.,0.942184,40,35,2,2,0,0,0.005000,0.05,0.560000,0.15,2.001538,0.498329,0.1,NA,NA,NA,NA,NA,NA,NA,NA,NA,NA,NA,NA,NA,NA,NA,NA,NA,NA,NA,NA,NA,NA,NA,NA,NA,NA,NA,NA,NA,NA,NA,NA,NA,NA,NA,NA,NA,NA,NA,NA,NA,NA,NA,NA,NA,NA,NA,NA,NA,NA,0.35,NA,5,1,0
A54063,1,1,0,0,0,0,0,0,0,0,11.14751,0.049668,235,0.110,0.,0.970594,40,35,2,2,0,0,0.003131,0.05,0.780326,0.15,2.000000,0.317969,0.1,NA,NA,NA,NA,NA,NA,NA,NA,NA,NA,NA,NA,NA,NA,NA,NA,NA,NA,NA,NA,NA,NA,NA,NA,NA,NA,NA,NA,NA,NA,NA,NA,NA,NA,NA,NA,NA,NA,NA,NA,NA,NA,NA,NA,NA,NA,NA,NA,NA,NA,0.35,NA,5,1,0
A54065,1,1,0,0,0,0,0,0,0,0,8.467655,0.023078,255,0.091,0.,0.958041,40,35,2,2,0,0,0.005000,0.05,0.592736,0.15,2.000000,0.303142,0.1,NA,NA,NA,NA,NA,NA,NA,NA,NA,NA,NA,NA,NA,NA,NA,NA,NA,NA,NA,NA,NA,NA,NA,NA,NA,NA,NA,NA,NA,NA,NA,NA,NA,NA,NA,NA,NA,NA,NA,NA,NA,NA,NA,NA,NA,NA,NA,NA,NA,NA,0.35,NA,5,1,0
A54071,1,1,0,0,0,0,0,0,0,0,8.659863,0.020986,220,0.126,0.,0.946445,40,35,2,2,0,0,0.004293,0.05,0.606190,0.15,2.020019,0.425588,0.1,NA,NA,NA,NA,NA,NA,NA,NA,NA,NA,NA,NA,NA,NA,NA,NA,NA,NA,NA,NA,NA,NA,NA,NA,NA,NA,NA,NA,NA,NA,NA,NA,NA,NA,NA,NA,NA,NA,NA,NA,NA,NA,NA,NA,NA,NA,NA,NA,NA,NA,0.35,NA,5,1,0
A54077,1,1,0,0,0,0,0,0,0,0,8.000000,0.046807,236,0.108,0.,0.944893,40,35,2,2,0,0,0.000168,0.05,0.560000,0.15,2.108109,0.562243,0.1,NA,NA,NA,NA,NA,NA,NA,NA,NA,NA,NA,NA,NA,NA,NA,NA,NA,NA,NA,NA,NA,NA,NA,NA,NA,NA,NA,NA,NA,NA,NA,NA,NA,NA,NA,NA,NA,NA,NA,NA,NA,NA,NA,NA,NA,NA,NA,NA,NA,NA,0.35,NA,5,1,0
A54093,1,1,0,0,0,0,0,0,0,0,12.00000,0.054670,230,0.114,0.,0.920000,40,35,2,2,0,0,0.000100,0.05,0.840000,0.15,2.000000,0.484307,0.1,NA,NA,NA,NA,NA,NA,NA,NA,NA,NA,NA,NA,NA,NA,NA,NA,NA,NA,NA,NA,NA,NA,NA,NA,NA,NA,NA,NA,NA,NA,NA,NA,NA,NA,NA,NA,NA,NA,NA,NA,NA,NA,NA,NA,NA,NA,NA,NA,NA,NA,0.35,NA,5,1,0
B24001,1,1,0,0,0,0,0,0,0,0,8.000000,0.049121,235,0.109,0.,0.965415,40,35,2,2,0,0,0.005000,0.05,0.560000,0.15,2.000000,0.501243,0.1,NA,NA,NA,NA,NA,NA,NA,NA,NA,NA,NA,NA,NA,NA,NA,NA,NA,NA,NA,NA,NA,NA,NA,NA,NA,NA,NA,NA,NA,NA,NA,NA,NA,NA,NA,NA,NA,NA,NA,NA,NA,NA,NA,NA,NA,NA,NA,NA,NA,NA,0.35,NA,5,1,0
B24021,1,1,0,0,0,0,0,0,0,0,12.00000,0.043969,269,0.080,0.,0.922755,40,35,2,2,0,0,0.000253,0.05,0.840000,0.15,2.000000,0.300000,0.1,NA,NA,NA,NA,NA,NA,NA,NA,NA,NA,NA,NA,NA,NA,NA,NA,NA,NA,NA,NA,NA,NA,NA,NA,NA,NA,NA,NA,NA,NA,NA,NA,NA,NA,NA,NA,NA,NA,NA,NA,NA,NA,NA,NA,NA,NA,NA,NA,NA,NA,0.35,NA,5,1,0
B37005,1,1,0,0,0,0,0,0,0,0,11.49486,0.094557,205,0.143,0.,0.960771,40,35,2,2,0,0,0.000100,0.05,0.804640,0.15,4.000000,0.336678,0.1,NA,NA,NA,NA,NA,NA,NA,NA,NA,NA,NA,NA,NA,NA,NA,NA,NA,NA,NA,NA,NA,NA,NA,NA,NA,NA,NA,NA,NA,NA,NA,NA,NA,NA,NA,NA,NA,NA,NA,NA,NA,NA,NA,NA,NA,NA,NA,NA,NA,NA,0.35,NA,5,1,0
B37009,1,1,0,0,0,0,0,0,0,0,12.00000,0.125000,187,0.169,0.,0.982975,40,35,2,2,0,0,0.000100,0.05,0.840000,0.15,4.000000,0.437746,0.1,NA,NA,NA,NA,NA,NA,NA,NA,NA,NA,NA,NA,NA,NA,NA,NA,NA,NA,NA,NA,NA,NA,NA,NA,NA,NA,NA,NA,NA,NA,NA,NA,NA,NA,NA,NA,NA,NA,NA,NA,NA,NA,NA,NA,NA,NA,NA,NA,NA,NA,0.35,NA,5,1,0
B42001,1,1,0,0,0,0,0,0,0,0,9.806358,0.014286,242,0.102,0.,0.920000,40,35,2,2,0,0,0.000145,0.05,0.686445,0.15,2.000000,0.300000,0.1,NA,NA,NA,NA,NA,NA,NA,NA,NA,NA,NA,NA,NA,NA,NA,NA,NA,NA,NA,NA,NA,NA,NA,NA,NA,NA,NA,NA,NA,NA,NA,NA,NA,NA,NA,NA,NA,NA,NA,NA,NA,NA,NA,NA,NA,NA,NA,NA,NA,NA,0.35,NA,5,1,0
B42009,1,1,0,0,0,0,0,0,0,0,8.000000,0.034364,248,0.097,0.,0.938634,40,35,2,2,0,0,0.005000,0.05,0.560000,0.15,2.239242,0.420641,0.1,NA,NA,NA,NA,NA,NA,NA,NA,NA,NA,NA,NA,NA,NA,NA,NA,NA,NA,NA,NA,NA,NA,NA,NA,NA,NA,NA,NA,NA,NA,NA,NA,NA,NA,NA,NA,NA,NA,NA,NA,NA,NA,NA,NA,NA,NA,NA,NA,NA,NA,0.35,NA,5,1,0
B42015,1,1,0,0,0,0,0,0,0,0,8.000000,0.036966,220,0.126,0.,0.920000,40,35,2,2,0,0,0.001601,0.05,0.560000,0.15,2.000000,0.405907,0.1,NA,NA,NA,NA,NA,NA,NA,NA,NA,NA,NA,NA,NA,NA,NA,NA,NA,NA,NA,NA,NA,NA,NA,NA,NA,NA,NA,NA,NA,NA,NA,NA,NA,NA,NA,NA,NA,NA,NA,NA,NA,NA,NA,NA,NA,NA,NA,NA,NA,NA,0.35,NA,5,1,0
B42027,1,1,0,0,0,0,0,0,0,0,10.55919,0.086600,250,0.095,0.,0.945055,40,35,2,2,0,0,0.000100,0.05,0.739143,0.15,2.465962,0.736771,0.1,NA,NA,NA,NA,NA,NA,NA,NA,NA,NA,NA,NA,NA,NA,NA,NA,NA,NA,NA,NA,NA,NA,NA,NA,NA,NA,NA,NA,NA,NA,NA,NA,NA,NA,NA,NA,NA,NA,NA,NA,NA,NA,NA,NA,NA,NA,NA,NA,NA,NA,0.35,NA,5,1,0
B42035,1,1,0,0,0,0,0,0,0,0,8.000000,0.052843,259,0.088,0.,0.936311,40,35,2,2,0,0,0.000140,0.05,0.560000,0.15,2.000000,0.465107,0.1,NA,NA,NA,NA,NA,NA,NA,NA,NA,NA,NA,NA,NA,NA,NA,NA,NA,NA,NA,NA,NA,NA,NA,NA,NA,NA,NA,NA,NA,NA,NA,NA,NA,NA,NA,NA,NA,NA,NA,NA,NA,NA,NA,NA,NA,NA,NA,NA,NA,NA,0.35,NA,5,1,0
B42041,1,1,0,0,0,0,0,0,0,0,10.75150,0.110903,307,0.057,0.,0.986392,40,35,2,2,0,0,0.000102,0.05,0.752605,0.15,2.318424,0.677800,0.1,NA,NA,NA,NA,NA,NA,NA,NA,NA,NA,NA,NA,NA,NA,NA,NA,NA,NA,NA,NA,NA,NA,NA,NA,NA,NA,NA,NA,NA,NA,NA,NA,NA,NA,NA,NA,NA,NA,NA,NA,NA,NA,NA,NA,NA,NA,NA,NA,NA,NA,0.35,NA,5,1,0
B42043,1,1,0,0,0,0,0,0,0,0,8.000000,0.033499,306,0.058,0.,0.929933,40,35,2,2,0,0,0.003067,0.05,0.560000,0.15,2.000000,0.387781,0.1,NA,NA,NA,NA,NA,NA,NA,NA,NA,NA,NA,NA,NA,NA,NA,NA,NA,NA,NA,NA,NA,NA,NA,NA,NA,NA,NA,NA,NA,NA,NA,NA,NA,NA,NA,NA,NA,NA,NA,NA,NA,NA,NA,NA,NA,NA,NA,NA,NA,NA,0.35,NA,5,1,0
B42055,1,1,0,0,0,0,0,0,0,0,10.51793,0.037036,290,0.066,0.,0.942753,40,35,2,2,0,0,0.000100,0.05,0.736255,0.15,2.000000,0.300000,0.1,NA,NA,NA,NA,NA,NA,NA,NA,NA,NA,NA,NA,NA,NA,NA,NA,NA,NA,NA,NA,NA,NA,NA,NA,NA,NA,NA,NA,NA,NA,NA,NA,NA,NA,NA,NA,NA,NA,NA,NA,NA,NA,NA,NA,NA,NA,NA,NA,NA,NA,0.35,NA,5,1,0
B42079,1,1,0,0,0,0,0,0,0,0,8.000000,0.054015,261,0.087,0.,0.933391,40,35,2,2,0,0,0.000477,0.05,0.560000,0.15,2.000000,0.456220,0.1,NA,NA,NA,NA,NA,NA,NA,NA,NA,NA,NA,NA,NA,NA,NA,NA,NA,NA,NA,NA,NA,NA,NA,NA,NA,NA,NA,NA,NA,NA,NA,NA,NA,NA,NA,NA,NA,NA,NA,NA,NA,NA,NA,NA,NA,NA,NA,NA,NA,NA,0.35,NA,5,1,0
B42081,1,1,0,0,0,0,0,0,0,0,8.156848,0.043250,227,0.118,0.,0.943613,40,35,2,2,0,0,0.000149,0.05,0.570979,0.15,2.000000,0.460361,0.1,NA,NA,NA,NA,NA,NA,NA,NA,NA,NA,NA,NA,NA,NA,NA,NA,NA,NA,NA,NA,NA,NA,NA,NA,NA,NA,NA,NA,NA,NA,NA,NA,NA,NA,NA,NA,NA,NA,NA,NA,NA,NA,NA,NA,NA,NA,NA,NA,NA,NA,0.35,NA,5,1,0
B42119,1,1,0,0,0,0,0,0,0,0,8.000000,0.051833,292,0.065,0.,0.932724,40,35,2,2,0,0,0.005000,0.05,0.560000,0.15,2.000000,0.338755,0.1,NA,NA,NA,NA,NA,NA,NA,NA,NA,NA,NA,NA,NA,NA,NA,NA,NA,NA,NA,NA,NA,NA,NA,NA,NA,NA,NA,NA,NA,NA,NA,NA,NA,NA,NA,NA,NA,NA,NA,NA,NA,NA,NA,NA,NA,NA,NA,NA,NA,NA,0.35,NA,5,1,0
B42131,1,1,0,0,0,0,0,0,0,0,8.063093,0.034898,212,0.135,0.,0.971628,40,35,2,2,0,0,0.000987,0.05,0.564417,0.15,2.000000,0.434964,0.1,NA,NA,NA,NA,NA,NA,NA,NA,NA,NA,NA,NA,NA,NA,NA,NA,NA,NA,NA,NA,NA,NA,NA,NA,NA,NA,NA,NA,NA,NA,NA,NA,NA,NA,NA,NA,NA,NA,NA,NA,NA,NA,NA,NA,NA,NA,NA,NA,NA,NA,0.35,NA,5,1,0
B51003,1,1,0,0,0,0,0,0,0,0,10.12414,0.052607,241,0.104,0.,0.950636,40,35,2,2,0,0,0.001920,0.05,0.708690,0.15,4.000000,0.400317,0.1,NA,NA,NA,NA,NA,NA,NA,NA,NA,NA,NA,NA,NA,NA,NA,NA,NA,NA,NA,NA,NA,NA,NA,NA,NA,NA,NA,NA,NA,NA,NA,NA,NA,NA,NA,NA,NA,NA,NA,NA,NA,NA,NA,NA,NA,NA,NA,NA,NA,NA,0.35,NA,5,1,0
B51009,1,1,0,0,0,0,0,0,0,0,8.000000,0.125000,201,0.148,0.,0.959390,40,35,2,2,0,0,0.005000,0.05,0.560000,0.15,2.000000,0.649269,0.1,NA,NA,NA,NA,NA,NA,NA,NA,NA,NA,NA,NA,NA,NA,NA,NA,NA,NA,NA,NA,NA,NA,NA,NA,NA,NA,NA,NA,NA,NA,NA,NA,NA,NA,NA,NA,NA,NA,NA,NA,NA,NA,NA,NA,NA,NA,NA,NA,NA,NA,0.35,NA,5,1,0
B51015,1,1,0,0,0,0,0,0,0,0,8.000000,0.091637,298,0.062,0.,0.972214,40,35,2,2,0,0,0.005000,0.05,0.560000,0.15,2.000000,0.609234,0.1,NA,NA,NA,NA,NA,NA,NA,NA,NA,NA,NA,NA,NA,NA,NA,NA,NA,NA,NA,NA,NA,NA,NA,NA,NA,NA,NA,NA,NA,NA,NA,NA,NA,NA,NA,NA,NA,NA,NA,NA,NA,NA,NA,NA,NA,NA,NA,NA,NA,NA,0.35,NA,5,1,0
B51017,1,1,0,0,0,0,0,0,0,0,9.401273,0.025899,258,0.089,0.,0.972937,40,35,2,2,0,0,0.005000,0.05,0.658089,0.15,2.000000,0.358522,0.1,NA,NA,NA,NA,NA,NA,NA,NA,NA,NA,NA,NA,NA,NA,NA,NA,NA,NA,NA,NA,NA,NA,NA,NA,NA,NA,NA,NA,NA,NA,NA,NA,NA,NA,NA,NA,NA,NA,NA,NA,NA,NA,NA,NA,NA,NA,NA,NA,NA,NA,0.35,NA,5,1,0
B51019,1,1,0,0,0,0,0,0,0,0,12.00000,0.030329,252,0.094,0.,0.965540,40,35,2,2,0,0,0.000100,0.05,0.840000,0.15,2.000000,0.357419,0.1,NA,NA,NA,NA,NA,NA,NA,NA,NA,NA,NA,NA,NA,NA,NA,NA,NA,NA,NA,NA,NA,NA,NA,NA,NA,NA,NA,NA,NA,NA,NA,NA,NA,NA,NA,NA,NA,NA,NA,NA,NA,NA,NA,NA,NA,NA,NA,NA,NA,NA,0.35,NA,5,1,0
B51023,1,1,0,0,0,0,0,0,0,0,12.00000,0.030591,236,0.108,0.,0.992750,40,35,2,2,0,0,0.000100,0.05,0.840000,0.15,2.000000,0.512769,0.1,NA,NA,NA,NA,NA,NA,NA,NA,NA,NA,NA,NA,NA,NA,NA,NA,NA,NA,NA,NA,NA,NA,NA,NA,NA,NA,NA,NA,NA,NA,NA,NA,NA,NA,NA,NA,NA,NA,NA,NA,NA,NA,NA,NA,NA,NA,NA,NA,NA,NA,0.35,NA,5,1,0
B51035,1,1,0,0,0,0,0,0,0,0,12.00000,0.070738,239,0.106,0.,0.975412,40,35,2,2,0,0,0.000100,0.05,0.840000,0.15,4.000000,0.340530,0.1,NA,NA,NA,NA,NA,NA,NA,NA,NA,NA,NA,NA,NA,NA,NA,NA,NA,NA,NA,NA,NA,NA,NA,NA,NA,NA,NA,NA,NA,NA,NA,NA,NA,NA,NA,NA,NA,NA,NA,NA,NA,NA,NA,NA,NA,NA,NA,NA,NA,NA,0.35,NA,5,1,0
B51061,1,1,0,0,0,0,0,0,0,0,12.00000,0.091105,236,0.108,0.,0.941791,40,35,2,2,0,0,0.000100,0.05,0.840000,0.15,3.901239,0.415481,0.1,NA,NA,NA,NA,NA,NA,NA,NA,NA,NA,NA,NA,NA,NA,NA,NA,NA,NA,NA,NA,NA,NA,NA,NA,NA,NA,NA,NA,NA,NA,NA,NA,NA,NA,NA,NA,NA,NA,NA,NA,NA,NA,NA,NA,NA,NA,NA,NA,NA,NA,0.35,NA,5,1,0
B51067,1,1,0,0,0,0,0,0,0,0,12.00000,0.047670,208,0.139,0.,0.936530,40,35,2,2,0,0,0.000100,0.05,0.840000,0.15,2.000000,0.300000,0.1,NA,NA,NA,NA,NA,NA,NA,NA,NA,NA,NA,NA,NA,NA,NA,NA,NA,NA,NA,NA,NA,NA,NA,NA,NA,NA,NA,NA,NA,NA,NA,NA,NA,NA,NA,NA,NA,NA,NA,NA,NA,NA,NA,NA,NA,NA,NA,NA,NA,NA,0.35,NA,5,1,0
B51071,1,1,0,0,0,0,0,0,0,0,8.000000,0.045861,207,0.141,0.,0.955849,40,35,2,2,0,0,0.005000,0.05,0.560000,0.15,2.000000,0.300000,0.1,NA,NA,NA,NA,NA,NA,NA,NA,NA,NA,NA,NA,NA,NA,NA,NA,NA,NA,NA,NA,NA,NA,NA,NA,NA,NA,NA,NA,NA,NA,NA,NA,NA,NA,NA,NA,NA,NA,NA,NA,NA,NA,NA,NA,NA,NA,NA,NA,NA,NA,0.35,NA,5,1,0
B51077,1,1,0,0,0,0,0,0,0,0,11.67802,0.095512,182,0.176,0.,0.956362,40,35,2,2,0,0,0.000100,0.05,0.817462,0.15,4.000000,0.360957,0.1,NA,NA,NA,NA,NA,NA,NA,NA,NA,NA,NA,NA,NA,NA,NA,NA,NA,NA,NA,NA,NA,NA,NA,NA,NA,NA,NA,NA,NA,NA,NA,NA,NA,NA,NA,NA,NA,NA,NA,NA,NA,NA,NA,NA,NA,NA,NA,NA,NA,NA,0.35,NA,5,1,0
B51079,1,1,0,0,0,0,0,0,0,0,11.99314,0.050110,241,0.104,0.,0.940960,40,35,2,2,0,0,0.001418,0.05,0.839520,0.15,2.000000,0.304882,0.1,NA,NA,NA,NA,NA,NA,NA,NA,NA,NA,NA,NA,NA,NA,NA,NA,NA,NA,NA,NA,NA,NA,NA,NA,NA,NA,NA,NA,NA,NA,NA,NA,NA,NA,NA,NA,NA,NA,NA,NA,NA,NA,NA,NA,NA,NA,NA,NA,NA,NA,0.35,NA,5,1,0
B51091,1,1,0,0,0,0,0,0,0,0,11.80291,0.068390,225,0.120,0.,0.948220,40,35,2,2,0,0,0.000414,0.05,0.826204,0.15,2.000000,0.335294,0.1,NA,NA,NA,NA,NA,NA,NA,NA,NA,NA,NA,NA,NA,NA,NA,NA,NA,NA,NA,NA,NA,NA,NA,NA,NA,NA,NA,NA,NA,NA,NA,NA,NA,NA,NA,NA,NA,NA,NA,NA,NA,NA,NA,NA,NA,NA,NA,NA,NA,NA,0.35,NA,5,1,0
B51105,1,1,0,0,0,0,0,0,0,0,8.000000,0.045972,234,0.110,0.,0.940816,40,35,2,2,0,0,0.000822,0.05,0.560000,0.15,2.000000,0.395192,0.1,NA,NA,NA,NA,NA,NA,NA,NA,NA,NA,NA,NA,NA,NA,NA,NA,NA,NA,NA,NA,NA,NA,NA,NA,NA,NA,NA,NA,NA,NA,NA,NA,NA,NA,NA,NA,NA,NA,NA,NA,NA,NA,NA,NA,NA,NA,NA,NA,NA,NA,0.35,NA,5,1,0
B51113,1,1,0,0,0,0,0,0,0,0,12.00000,0.077959,255,0.091,0.,0.941819,40,35,2,2,0,0,0.000100,0.05,0.840000,0.15,2.000000,0.363544,0.1,NA,NA,NA,NA,NA,NA,NA,NA,NA,NA,NA,NA,NA,NA,NA,NA,NA,NA,NA,NA,NA,NA,NA,NA,NA,NA,NA,NA,NA,NA,NA,NA,NA,NA,NA,NA,NA,NA,NA,NA,NA,NA,NA,NA,NA,NA,NA,NA,NA,NA,0.35,NA,5,1,0
B51125,1,1,0,0,0,0,0,0,0,0,8.000000,0.124237,249,0.096,0.,0.959258,40,35,2,2,0,0,0.005000,0.05,0.560000,0.15,2.865779,0.546315,0.1,NA,NA,NA,NA,NA,NA,NA,NA,NA,NA,NA,NA,NA,NA,NA,NA,NA,NA,NA,NA,NA,NA,NA,NA,NA,NA,NA,NA,NA,NA,NA,NA,NA,NA,NA,NA,NA,NA,NA,NA,NA,NA,NA,NA,NA,NA,NA,NA,NA,NA,0.35,NA,5,1,0
B51139,1,1,0,0,0,0,0,0,0,0,8.000000,0.056572,252,0.094,0.,0.980462,40,35,2,2,0,0,0.005000,0.05,0.560000,0.15,2.000000,0.366631,0.1,NA,NA,NA,NA,NA,NA,NA,NA,NA,NA,NA,NA,NA,NA,NA,NA,NA,NA,NA,NA,NA,NA,NA,NA,NA,NA,NA,NA,NA,NA,NA,NA,NA,NA,NA,NA,NA,NA,NA,NA,NA,NA,NA,NA,NA,NA,NA,NA,NA,NA,0.35,NA,5,1,0
B51141,1,1,0,0,0,0,0,0,0,0,12.00000,0.074807,221,0.124,0.,0.961492,40,35,2,2,0,0,0.000100,0.05,0.840000,0.15,4.000000,0.774256,0.1,NA,NA,NA,NA,NA,NA,NA,NA,NA,NA,NA,NA,NA,NA,NA,NA,NA,NA,NA,NA,NA,NA,NA,NA,NA,NA,NA,NA,NA,NA,NA,NA,NA,NA,NA,NA,NA,NA,NA,NA,NA,NA,NA,NA,NA,NA,NA,NA,NA,NA,0.35,NA,5,1,0
B51157,1,1,0,0,0,0,0,0,0,0,12.00000,0.061328,242,0.102,0.,0.940099,40,35,2,2,0,0,0.001193,0.05,0.840000,0.15,4.000000,0.300000,0.1,NA,NA,NA,NA,NA,NA,NA,NA,NA,NA,NA,NA,NA,NA,NA,NA,NA,NA,NA,NA,NA,NA,NA,NA,NA,NA,NA,NA,NA,NA,NA,NA,NA,NA,NA,NA,NA,NA,NA,NA,NA,NA,NA,NA,NA,NA,NA,NA,NA,NA,0.35,NA,5,1,0
B51161,1,1,0,0,0,0,0,0,0,0,11.29495,0.040606,224,0.121,0.,0.961636,40,35,2,2,0,0,0.000850,0.05,0.790646,0.15,2.000000,0.462010,0.1,NA,NA,NA,NA,NA,NA,NA,NA,NA,NA,NA,NA,NA,NA,NA,NA,NA,NA,NA,NA,NA,NA,NA,NA,NA,NA,NA,NA,NA,NA,NA,NA,NA,NA,NA,NA,NA,NA,NA,NA,NA,NA,NA,NA,NA,NA,NA,NA,NA,NA,0.35,NA,5,1,0
B51163,1,1,0,0,0,0,0,0,0,0,10.52047,0.053172,280,0.073,0.,0.983996,40,35,2,2,0,0,0.000449,0.05,0.736433,0.15,2.513279,0.452632,0.1,NA,NA,NA,NA,NA,NA,NA,NA,NA,NA,NA,NA,NA,NA,NA,NA,NA,NA,NA,NA,NA,NA,NA,NA,NA,NA,NA,NA,NA,NA,NA,NA,NA,NA,NA,NA,NA,NA,NA,NA,NA,NA,NA,NA,NA,NA,NA,NA,NA,NA,0.35,NA,5,1,0
B51165,1,1,0,0,0,0,0,0,0,0,8.000000,0.024092,265,0.084,0.,0.943589,40,35,2,2,0,0,0.005000,0.05,0.560000,0.15,2.006909,0.463347,0.1,NA,NA,NA,NA,NA,NA,NA,NA,NA,NA,NA,NA,NA,NA,NA,NA,NA,NA,NA,NA,NA,NA,NA,NA,NA,NA,NA,NA,NA,NA,NA,NA,NA,NA,NA,NA,NA,NA,NA,NA,NA,NA,NA,NA,NA,NA,NA,NA,NA,NA,0.35,NA,5,1,0
B51167,1,1,0,0,0,0,0,0,0,0,12.00000,0.029756,137,0.266,0.,0.945611,40,35,2,2,0,0,0.000100,0.05,0.840000,0.15,2.000000,0.411313,0.1,NA,NA,NA,NA,NA,NA,NA,NA,NA,NA,NA,NA,NA,NA,NA,NA,NA,NA,NA,NA,NA,NA,NA,NA,NA,NA,NA,NA,NA,NA,NA,NA,NA,NA,NA,NA,NA,NA,NA,NA,NA,NA,NA,NA,NA,NA,NA,NA,NA,NA,0.35,NA,5,1,0
B51169,1,1,0,0,0,0,0,0,0,0,12.00000,0.024494,183,0.175,0.,0.943590,40,35,2,2,0,0,0.000100,0.05,0.840000,0.15,2.000000,0.438835,0.1,NA,NA,NA,NA,NA,NA,NA,NA,NA,NA,NA,NA,NA,NA,NA,NA,NA,NA,NA,NA,NA,NA,NA,NA,NA,NA,NA,NA,NA,NA,NA,NA,NA,NA,NA,NA,NA,NA,NA,NA,NA,NA,NA,NA,NA,NA,NA,NA,NA,NA,0.35,NA,5,1,0
B51171,1,1,0,0,0,0,0,0,0,0,8.370697,0.038828,276,0.076,0.,0.950742,40,35,2,2,0,0,0.002012,0.05,0.585949,0.15,2.000000,0.326941,0.1,NA,NA,NA,NA,NA,NA,NA,NA,NA,NA,NA,NA,NA,NA,NA,NA,NA,NA,NA,NA,NA,NA,NA,NA,NA,NA,NA,NA,NA,NA,NA,NA,NA,NA,NA,NA,NA,NA,NA,NA,NA,NA,NA,NA,NA,NA,NA,NA,NA,NA,0.35,NA,5,1,0
B51173,1,1,0,0,0,0,0,0,0,0,12.00000,0.093757,210,0.138,0.,0.935670,40,35,2,2,0,0,0.000100,0.05,0.840000,0.15,2.000000,0.491924,0.1,NA,NA,NA,NA,NA,NA,NA,NA,NA,NA,NA,NA,NA,NA,NA,NA,NA,NA,NA,NA,NA,NA,NA,NA,NA,NA,NA,NA,NA,NA,NA,NA,NA,NA,NA,NA,NA,NA,NA,NA,NA,NA,NA,NA,NA,NA,NA,NA,NA,NA,0.35,NA,5,1,0
B51185,1,1,0,0,0,0,0,0,0,0,11.05342,0.031380,139,0.260,0.,0.946170,40,35,2,2,0,0,0.000172,0.05,0.773740,0.15,2.000000,0.403961,0.1,NA,NA,NA,NA,NA,NA,NA,NA,NA,NA,NA,NA,NA,NA,NA,NA,NA,NA,NA,NA,NA,NA,NA,NA,NA,NA,NA,NA,NA,NA,NA,NA,NA,NA,NA,NA,NA,NA,NA,NA,NA,NA,NA,NA,NA,NA,NA,NA,NA,NA,0.35,NA,5,1,0
B51187,1,1,0,0,0,0,0,0,0,0,8.000000,0.042544,234,0.110,0.,0.976303,40,35,2,2,0,0,0.005000,0.05,0.560000,0.15,2.000000,0.353062,0.1,NA,NA,NA,NA,NA,NA,NA,NA,NA,NA,NA,NA,NA,NA,NA,NA,NA,NA,NA,NA,NA,NA,NA,NA,NA,NA,NA,NA,NA,NA,NA,NA,NA,NA,NA,NA,NA,NA,NA,NA,NA,NA,NA,NA,NA,NA,NA,NA,NA,NA,0.35,NA,5,1,0
B51191,1,1,0,0,0,0,0,0,0,0,10.26622,0.080597,185,0.172,0.,0.940759,40,35,2,2,0,0,0.000147,0.05,0.718635,0.15,2.000000,0.443392,0.1,NA,NA,NA,NA,NA,NA,NA,NA,NA,NA,NA,NA,NA,NA,NA,NA,NA,NA,NA,NA,NA,NA,NA,NA,NA,NA,NA,NA,NA,NA,NA,NA,NA,NA,NA,NA,NA,NA,NA,NA,NA,NA,NA,NA,NA,NA,NA,NA,NA,NA,0.35,NA,5,1,0
B51195,1,1,0,0,0,0,0,0,0,0,9.522069,0.038877,190,0.165,0.,0.941573,40,35,2,2,0,0,0.000130,0.05,0.666545,0.15,2.000000,0.406725,0.1,NA,NA,NA,NA,NA,NA,NA,NA,NA,NA,NA,NA,NA,NA,NA,NA,NA,NA,NA,NA,NA,NA,NA,NA,NA,NA,NA,NA,NA,NA,NA,NA,NA,NA,NA,NA,NA,NA,NA,NA,NA,NA,NA,NA,NA,NA,NA,NA,NA,NA,0.35,NA,5,1,0
B51197,1,1,0,0,0,0,0,0,0,0,11.30335,0.065165,218,0.128,0.,0.960135,40,35,2,2,0,0,0.000100,0.05,0.791235,0.15,4.000000,0.469449,0.1,NA,NA,NA,NA,NA,NA,NA,NA,NA,NA,NA,NA,NA,NA,NA,NA,NA,NA,NA,NA,NA,NA,NA,NA,NA,NA,NA,NA,NA,NA,NA,NA,NA,NA,NA,NA,NA,NA,NA,NA,NA,NA,NA,NA,NA,NA,NA,NA,NA,NA,0.35,NA,5,1,0
B54023,1,1,0,0,0,0,0,0,0,0,8.518301,0.038105,243,0.101,0.,0.920000,40,35,2,2,0,0,0.005000,0.05,0.596281,0.15,2.000000,0.460469,0.1,NA,NA,NA,NA,NA,NA,NA,NA,NA,NA,NA,NA,NA,NA,NA,NA,NA,NA,NA,NA,NA,NA,NA,NA,NA,NA,NA,NA,NA,NA,NA,NA,NA,NA,NA,NA,NA,NA,NA,NA,NA,NA,NA,NA,NA,NA,NA,NA,NA,NA,0.35,NA,5,1,0
B54031,1,1,0,0,0,0,0,0,0,0,10.38529,0.020976,273,0.077,0.,0.973969,40,35,2,2,0,0,0.001469,0.05,0.726970,0.15,2.000000,0.396496,0.1,NA,NA,NA,NA,NA,NA,NA,NA,NA,NA,NA,NA,NA,NA,NA,NA,NA,NA,NA,NA,NA,NA,NA,NA,NA,NA,NA,NA,NA,NA,NA,NA,NA,NA,NA,NA,NA,NA,NA,NA,NA,NA,NA,NA,NA,NA,NA,NA,NA,NA,0.35,NA,5,1,0
B54057,1,1,0,0,0,0,0,0,0,0,8.433946,0.048098,248,0.097,0.,0.920000,40,35,2,2,0,0,0.005000,0.05,0.590376,0.15,2.124864,0.527518,0.1,NA,NA,NA,NA,NA,NA,NA,NA,NA,NA,NA,NA,NA,NA,NA,NA,NA,NA,NA,NA,NA,NA,NA,NA,NA,NA,NA,NA,NA,NA,NA,NA,NA,NA,NA,NA,NA,NA,NA,NA,NA,NA,NA,NA,NA,NA,NA,NA,NA,NA,0.35,NA,5,1,0
B54071,1,1,0,0,0,0,0,0,0,0,8.198535,0.066889,183,0.175,0.,0.968538,40,35,2,2,0,0,0.005000,0.05,0.573897,0.15,2.093148,0.493481,0.1,NA,NA,NA,NA,NA,NA,NA,NA,NA,NA,NA,NA,NA,NA,NA,NA,NA,NA,NA,NA,NA,NA,NA,NA,NA,NA,NA,NA,NA,NA,NA,NA,NA,NA,NA,NA,NA,NA,NA,NA,NA,NA,NA,NA,NA,NA,NA,NA,NA,NA,0.35,NA,5,1,0
C42009,1,1,0,0,0,0,0,0,0,0,12.00000,0.014286,253,0.093,0.,0.920000,40,35,2,2,0,0,0.000100,0.05,0.840000,0.15,2.322620,0.493200,0.1,NA,NA,NA,NA,NA,NA,NA,NA,NA,NA,NA,NA,NA,NA,NA,NA,NA,NA,NA,NA,NA,NA,NA,NA,NA,NA,NA,NA,NA,NA,NA,NA,NA,NA,NA,NA,NA,NA,NA,NA,NA,NA,NA,NA,NA,NA,NA,NA,NA,NA,0.35,NA,5,1,0
C51015,1,1,0,0,0,0,0,0,0,0,8.000000,0.027633,266,0.082,0.,0.944493,40,35,2,2,0,0,0.005000,0.05,0.560000,0.15,2.000000,0.442627,0.1,NA,NA,NA,NA,NA,NA,NA,NA,NA,NA,NA,NA,NA,NA,NA,NA,NA,NA,NA,NA,NA,NA,NA,NA,NA,NA,NA,NA,NA,NA,NA,NA,NA,NA,NA,NA,NA,NA,NA,NA,NA,NA,NA,NA,NA,NA,NA,NA,NA,NA,0.35,NA,5,1,0
C51071,1,1,0,0,0,0,0,0,0,0,8.000000,0.053311,202,0.147,0.,0.952672,40,35,2,2,0,0,0.005000,0.05,0.560000,0.15,2.000000,0.300000,0.1,NA,NA,NA,NA,NA,NA,NA,NA,NA,NA,NA,NA,NA,NA,NA,NA,NA,NA,NA,NA,NA,NA,NA,NA,NA,NA,NA,NA,NA,NA,NA,NA,NA,NA,NA,NA,NA,NA,NA,NA,NA,NA,NA,NA,NA,NA,NA,NA,NA,NA,0.35,NA,5,1,0
C51165,1,1,0,0,0,0,0,0,0,0,8.000000,0.059836,232,0.113,0.,0.982625,40,35,2,2,0,0,0.005000,0.05,0.560000,0.15,2.000000,0.391012,0.1,NA,NA,NA,NA,NA,NA,NA,NA,NA,NA,NA,NA,NA,NA,NA,NA,NA,NA,NA,NA,NA,NA,NA,NA,NA,NA,NA,NA,NA,NA,NA,NA,NA,NA,NA,NA,NA,NA,NA,NA,NA,NA,NA,NA,NA,NA,NA,NA,NA,NA,0.35,NA,5,1,0
end,,,,,,,,,,,,,,,,,,,,,,,,,,,,,,,,,,,,,,,,,,,,,,,,,,,,,,,,,,,,,,,,,,,,,,,,,,,,,,,,,,,,
